stature,weightkg,SizeShirt,SizePants
177,81,L/XL,S/M
170,72,M/L,XS/S
173,92,L/XL,S/M
165,79,L/XL,S/M
191,94,XXL/XXXL,L/XL
172,80,L/XL,S/M
181,116,XXL/XXXL,L/XL
185,95,L/XL,S/M
177,99,XL/XXL,M/L
181,70,M/L,XS/S
178,88,L/XL,S/M
173,70,M/L,XS/S
181,103,XL/XXL,M/L
186,111,XXL/XXXL,L/XL
170,89,L/XL,S/M
174,92,L/XL,S/M
169,77,L/XL,S/M
176,96,XL/XXL,M/L
174,76,L/XL,S/M
179,90,L/XL,S/M
178,71,M/L,XS/S
168,74,M/L,XS/S
165,79,L/XL,S/M
195,91,XXL/XXXL,L/XL
175,96,XL/XXL,M/L
163,67,M/L,XS/S
182,107,XL/XXL,M/L
179,79,L/XL,S/M
174,78,L/XL,S/M
181,88,L/XL,S/M
188,71,XL/XXL,M/L
176,94,L/XL,S/M
167,66,M/L,XS/S
185,87,L/XL,S/M
178,67,M/L,XS/S
179,88,L/XL,S/M
168,69,M/L,XS/S
185,121,XXL/XXXL,XL/XXL
173,71,M/L,XS/S
174,88,L/XL,S/M
174,57,S/M,XXS/XS
167,87,L/XL,S/M
183,85,L/XL,S/M
173,86,L/XL,S/M
176,95,L/XL,S/M
166,66,M/L,XS/S
174,70,M/L,XS/S
170,84,L/XL,S/M
187,101,XL/XXL,M/L
167,85,L/XL,S/M
177,109,XL/XXL,M/L
184,83,L/XL,S/M
163,72,M/L,XS/S
175,98,XL/XXL,M/L
170,77,L/XL,S/M
184,140,XXL/XXXL,XL/XXL
178,67,M/L,XS/S
174,88,L/XL,S/M
170,98,XL/XXL,M/L
185,95,L/XL,S/M
160,56,S/M,XXS/XS
170,71,M/L,XS/S
183,71,L/XL,S/M
167,80,L/XL,S/M
174,98,XL/XXL,M/L
169,66,M/L,XS/S
167,80,L/XL,S/M
185,105,XL/XXL,M/L
175,68,M/L,XS/S
161,74,M/L,XS/S
177,73,M/L,XS/S
170,60,S/M,XXS/XS
161,77,L/XL,S/M
172,76,L/XL,S/M
184,102,XL/XXL,M/L
174,96,XL/XXL,M/L
167,92,L/XL,S/M
175,98,XL/XXL,M/L
181,88,L/XL,S/M
179,98,XL/XXL,M/L
175,85,L/XL,S/M
172,74,M/L,XS/S
180,92,L/XL,S/M
179,74,M/L,XS/S
172,82,L/XL,S/M
157,62,S/M,XXS/XS
171,77,L/XL,S/M
179,88,L/XL,S/M
174,59,S/M,XXS/XS
170,73,M/L,XS/S
173,86,L/XL,S/M
173,86,L/XL,S/M
178,73,M/L,XS/S
181,65,M/L,XS/S
184,69,L/XL,S/M
179,77,L/XL,S/M
165,72,M/L,XS/S
170,79,L/XL,S/M
178,74,M/L,XS/S
175,96,XL/XXL,M/L
179,86,L/XL,S/M
175,74,M/L,XS/S
179,92,L/XL,S/M
178,81,L/XL,S/M
183,64,L/XL,S/M
188,95,XL/XXL,M/L
173,85,L/XL,S/M
173,90,L/XL,S/M
181,83,L/XL,S/M
168,85,L/XL,S/M
181,89,L/XL,S/M
181,87,L/XL,S/M
167,82,L/XL,S/M
183,111,XXL/XXXL,L/XL
179,98,XL/XXL,M/L
184,110,XL/XXL,M/L
168,78,L/XL,S/M
175,86,L/XL,S/M
184,141,XXL/XXXL,XL/XXL
165,78,L/XL,S/M
163,69,M/L,XS/S
173,79,L/XL,S/M
172,69,M/L,XS/S
187,121,XXL/XXXL,XL/XXL
188,87,XL/XXL,M/L
176,70,M/L,XS/S
179,82,L/XL,S/M
184,99,XL/XXL,M/L
181,76,L/XL,S/M
173,98,XL/XXL,M/L
166,75,M/L,XS/S
178,89,L/XL,S/M
174,78,L/XL,S/M
175,83,L/XL,S/M
181,99,XL/XXL,M/L
171,74,M/L,XS/S
184,96,XL/XXL,M/L
181,91,L/XL,S/M
178,108,XL/XXL,M/L
174,78,L/XL,S/M
179,94,L/XL,S/M
175,90,L/XL,S/M
184,106,XL/XXL,M/L
165,87,L/XL,S/M
177,87,L/XL,S/M
185,115,XXL/XXXL,L/XL
168,79,L/XL,S/M
177,88,L/XL,S/M
182,86,L/XL,S/M
193,80,XXL/XXXL,L/XL
178,96,XL/XXL,M/L
181,109,XL/XXL,M/L
178,77,L/XL,S/M
172,95,L/XL,S/M
191,111,XXL/XXXL,L/XL
180,89,L/XL,S/M
178,106,XL/XXL,M/L
177,95,L/XL,S/M
166,72,M/L,XS/S
180,87,L/XL,S/M
187,97,XL/XXL,M/L
173,97,XL/XXL,M/L
183,95,L/XL,S/M
179,112,XXL/XXXL,L/XL
172,90,L/XL,S/M
171,94,L/XL,S/M
180,95,L/XL,S/M
166,73,M/L,XS/S
180,103,XL/XXL,M/L
170,77,L/XL,S/M
195,108,XXL/XXXL,L/XL
173,84,L/XL,S/M
177,96,XL/XXL,M/L
172,70,M/L,XS/S
170,70,M/L,XS/S
183,85,L/XL,S/M
170,86,L/XL,S/M
180,97,XL/XXL,M/L
177,82,L/XL,S/M
173,84,L/XL,S/M
174,72,M/L,XS/S
165,89,L/XL,S/M
172,75,M/L,XS/S
186,73,L/XL,S/M
171,70,M/L,XS/S
175,78,L/XL,S/M
191,116,XXL/XXXL,L/XL
184,79,L/XL,S/M
185,90,L/XL,S/M
171,67,M/L,XS/S
164,85,L/XL,S/M
183,85,L/XL,S/M
178,103,XL/XXL,M/L
177,103,XL/XXL,M/L
170,72,M/L,XS/S
180,71,M/L,XS/S
171,67,M/L,XS/S
184,78,L/XL,S/M
171,90,L/XL,S/M
175,84,L/XL,S/M
193,108,XXL/XXXL,L/XL
173,75,M/L,XS/S
177,83,L/XL,S/M
172,87,L/XL,S/M
167,72,M/L,XS/S
171,110,XL/XXL,M/L
182,94,L/XL,S/M
191,114,XXL/XXXL,L/XL
175,90,L/XL,S/M
173,84,L/XL,S/M
172,81,L/XL,S/M
171,86,L/XL,S/M
171,68,M/L,XS/S
171,68,M/L,XS/S
174,94,L/XL,S/M
156,47,XS/S,XXS
189,115,XXL/XXXL,L/XL
173,72,M/L,XS/S
186,107,XL/XXL,M/L
165,54,XS/S,XXS
163,85,L/XL,S/M
173,87,L/XL,S/M
181,107,XL/XXL,M/L
173,79,L/XL,S/M
181,109,XL/XXL,M/L
173,115,XXL/XXXL,L/XL
168,86,L/XL,S/M
174,75,M/L,XS/S
178,83,L/XL,S/M
178,81,L/XL,S/M
164,84,L/XL,S/M
174,94,L/XL,S/M
166,64,S/M,XXS/XS
180,112,XXL/XXXL,L/XL
174,90,L/XL,S/M
160,71,M/L,XS/S
183,97,XL/XXL,M/L
181,81,L/XL,S/M
173,75,M/L,XS/S
184,79,L/XL,S/M
177,64,S/M,XXS/XS
179,107,XL/XXL,M/L
166,87,L/XL,S/M
175,98,XL/XXL,M/L
181,89,L/XL,S/M
183,108,XL/XXL,M/L
162,77,L/XL,S/M
164,80,L/XL,S/M
172,87,L/XL,S/M
160,56,S/M,XXS/XS
186,117,XXL/XXXL,L/XL
176,86,L/XL,S/M
175,97,XL/XXL,M/L
174,77,L/XL,S/M
165,55,XS/S,XXS
166,53,XS/S,XXS
167,93,L/XL,S/M
173,86,L/XL,S/M
175,109,XL/XXL,M/L
170,67,M/L,XS/S
174,71,M/L,XS/S
181,91,L/XL,S/M
178,87,L/XL,S/M
166,70,M/L,XS/S
178,111,XXL/XXXL,L/XL
180,108,XL/XXL,M/L
166,63,S/M,XXS/XS
183,96,XL/XXL,M/L
188,105,XL/XXL,M/L
178,88,L/XL,S/M
190,114,XXL/XXXL,L/XL
175,89,L/XL,S/M
173,68,M/L,XS/S
162,71,M/L,XS/S
175,102,XL/XXL,M/L
170,78,L/XL,S/M
176,110,XL/XXL,M/L
172,81,L/XL,S/M
171,87,L/XL,S/M
192,86,XXL/XXXL,L/XL
178,77,L/XL,S/M
183,109,XL/XXL,M/L
182,96,XL/XXL,M/L
164,67,M/L,XS/S
170,102,XL/XXL,M/L
173,60,S/M,XXS/XS
165,67,M/L,XS/S
166,86,L/XL,S/M
163,82,L/XL,S/M
186,86,L/XL,S/M
166,82,L/XL,S/M
176,67,M/L,XS/S
175,86,L/XL,S/M
188,95,XL/XXL,M/L
172,97,XL/XXL,M/L
179,89,L/XL,S/M
174,101,XL/XXL,M/L
167,75,M/L,XS/S
172,71,M/L,XS/S
174,88,L/XL,S/M
161,45,XS/S,XXS
170,75,M/L,XS/S
183,99,XL/XXL,M/L
182,113,XXL/XXXL,L/XL
177,84,L/XL,S/M
179,111,XXL/XXXL,L/XL
197,90,XXL/XXXL,L/XL
181,92,L/XL,S/M
178,86,L/XL,S/M
171,84,L/XL,S/M
186,93,L/XL,S/M
176,92,L/XL,S/M
162,72,M/L,XS/S
172,88,L/XL,S/M
167,75,M/L,XS/S
174,85,L/XL,S/M
174,98,XL/XXL,M/L
180,74,M/L,XS/S
177,68,M/L,XS/S
173,67,M/L,XS/S
174,73,M/L,XS/S
175,64,S/M,XXS/XS
167,76,L/XL,S/M
185,86,L/XL,S/M
180,80,L/XL,S/M
172,80,L/XL,S/M
171,77,L/XL,S/M
167,88,L/XL,S/M
185,90,L/XL,S/M
195,86,XXL/XXXL,L/XL
170,84,L/XL,S/M
192,120,XXL/XXXL,L/XL
168,76,L/XL,S/M
176,99,XL/XXL,M/L
186,105,XL/XXL,M/L
176,87,L/XL,S/M
166,75,M/L,XS/S
165,86,L/XL,S/M
182,96,XL/XXL,M/L
185,72,L/XL,S/M
179,78,L/XL,S/M
170,75,M/L,XS/S
177,74,M/L,XS/S
171,81,L/XL,S/M
176,87,L/XL,S/M
165,69,M/L,XS/S
177,82,L/XL,S/M
192,99,XXL/XXXL,L/XL
175,86,L/XL,S/M
159,72,M/L,XS/S
182,72,M/L,XS/S
182,71,M/L,XS/S
181,127,XXL/XXXL,XL/XXL
182,96,XL/XXL,M/L
167,101,XL/XXL,M/L
172,86,L/XL,S/M
171,84,L/XL,S/M
172,83,L/XL,S/M
176,73,M/L,XS/S
170,73,M/L,XS/S
174,76,L/XL,S/M
168,85,L/XL,S/M
158,56,S/M,XXS/XS
173,75,M/L,XS/S
182,94,L/XL,S/M
163,92,L/XL,S/M
173,90,L/XL,S/M
169,102,XL/XXL,M/L
166,65,S/M,XXS/XS
185,97,XL/XXL,M/L
187,113,XXL/XXXL,L/XL
167,89,L/XL,S/M
180,76,L/XL,S/M
189,124,XXL/XXXL,XL/XXL
179,87,L/XL,S/M
179,68,M/L,XS/S
172,73,M/L,XS/S
168,75,M/L,XS/S
174,70,M/L,XS/S
183,101,XL/XXL,M/L
175,88,L/XL,S/M
185,126,XXL/XXXL,XL/XXL
170,84,L/XL,S/M
171,69,M/L,XS/S
175,71,M/L,XS/S
178,109,XL/XXL,M/L
183,104,XL/XXL,M/L
163,63,S/M,XXS/XS
167,92,L/XL,S/M
174,95,L/XL,S/M
166,70,M/L,XS/S
167,77,L/XL,S/M
168,78,L/XL,S/M
174,101,XL/XXL,M/L
177,102,XL/XXL,M/L
183,91,L/XL,S/M
173,78,L/XL,S/M
166,78,L/XL,S/M
179,93,L/XL,S/M
181,79,L/XL,S/M
178,81,L/XL,S/M
175,62,S/M,XXS/XS
167,75,M/L,XS/S
173,74,M/L,XS/S
164,81,L/XL,S/M
166,71,M/L,XS/S
164,86,L/XL,S/M
181,109,XL/XXL,M/L
170,78,L/XL,S/M
185,94,L/XL,S/M
176,83,L/XL,S/M
186,83,L/XL,S/M
176,98,XL/XXL,M/L
181,95,L/XL,S/M
179,96,XL/XXL,M/L
158,54,XS/S,XXS
176,77,L/XL,S/M
188,81,XL/XXL,M/L
168,88,L/XL,S/M
169,79,L/XL,S/M
170,86,L/XL,S/M
164,85,L/XL,S/M
178,100,XL/XXL,M/L
166,80,L/XL,S/M
188,102,XL/XXL,M/L
174,92,L/XL,S/M
171,65,S/M,XXS/XS
173,86,L/XL,S/M
177,81,L/XL,S/M
161,70,M/L,XS/S
164,87,L/XL,S/M
178,78,L/XL,S/M
173,73,M/L,XS/S
176,81,L/XL,S/M
176,61,S/M,XXS/XS
183,73,L/XL,S/M
176,68,M/L,XS/S
184,91,L/XL,S/M
185,79,L/XL,S/M
174,85,L/XL,S/M
170,69,M/L,XS/S
180,107,XL/XXL,M/L
171,65,S/M,XXS/XS
175,69,M/L,XS/S
171,70,M/L,XS/S
177,84,L/XL,S/M
186,94,L/XL,S/M
175,71,M/L,XS/S
192,101,XXL/XXXL,L/XL
170,70,M/L,XS/S
178,82,L/XL,S/M
176,81,L/XL,S/M
181,80,L/XL,S/M
183,81,L/XL,S/M
173,68,M/L,XS/S
186,90,L/XL,S/M
166,90,L/XL,S/M
185,109,XL/XXL,M/L
157,77,L/XL,S/M
172,90,L/XL,S/M
182,99,XL/XXL,M/L
169,77,L/XL,S/M
172,62,S/M,XXS/XS
178,79,L/XL,S/M
169,66,M/L,XS/S
184,86,L/XL,S/M
177,76,L/XL,S/M
171,85,L/XL,S/M
177,94,L/XL,S/M
174,79,L/XL,S/M
174,85,L/XL,S/M
176,89,L/XL,S/M
180,120,XXL/XXXL,L/XL
178,74,M/L,XS/S
177,80,L/XL,S/M
172,73,M/L,XS/S
171,77,L/XL,S/M
180,60,M/L,XS/S
178,72,M/L,XS/S
171,83,L/XL,S/M
174,78,L/XL,S/M
161,66,M/L,XS/S
165,76,L/XL,S/M
182,93,L/XL,S/M
173,93,L/XL,S/M
166,75,M/L,XS/S
185,83,L/XL,S/M
176,75,M/L,XS/S
195,100,XXL/XXXL,L/XL
180,104,XL/XXL,M/L
170,69,M/L,XS/S
174,91,L/XL,S/M
164,86,L/XL,S/M
170,83,L/XL,S/M
183,99,XL/XXL,M/L
182,64,M/L,XS/S
165,61,S/M,XXS/XS
172,70,M/L,XS/S
170,88,L/XL,S/M
172,83,L/XL,S/M
183,118,XXL/XXXL,L/XL
172,85,L/XL,S/M
174,89,L/XL,S/M
180,75,M/L,XS/S
173,77,L/XL,S/M
168,83,L/XL,S/M
171,74,M/L,XS/S
178,63,S/M,XXS/XS
175,88,L/XL,S/M
175,72,M/L,XS/S
175,62,S/M,XXS/XS
178,75,M/L,XS/S
176,96,XL/XXL,M/L
170,85,L/XL,S/M
176,90,L/XL,S/M
175,85,L/XL,S/M
171,86,L/XL,S/M
180,92,L/XL,S/M
172,91,L/XL,S/M
181,94,L/XL,S/M
172,73,M/L,XS/S
159,66,M/L,XS/S
171,78,L/XL,S/M
173,120,XXL/XXXL,L/XL
181,99,XL/XXL,M/L
172,80,L/XL,S/M
181,95,L/XL,S/M
173,88,L/XL,S/M
176,75,M/L,XS/S
179,81,L/XL,S/M
172,97,XL/XXL,M/L
185,94,L/XL,S/M
171,91,L/XL,S/M
174,76,L/XL,S/M
173,90,L/XL,S/M
184,81,L/XL,S/M
180,106,XL/XXL,M/L
171,78,L/XL,S/M
180,101,XL/XXL,M/L
180,81,L/XL,S/M
174,84,L/XL,S/M
173,100,XL/XXL,M/L
170,92,L/XL,S/M
168,65,S/M,XXS/XS
180,86,L/XL,S/M
189,86,XL/XXL,M/L
176,91,L/XL,S/M
165,77,L/XL,S/M
174,63,S/M,XXS/XS
177,87,L/XL,S/M
178,89,L/XL,S/M
183,86,L/XL,S/M
176,82,L/XL,S/M
166,60,S/M,XXS/XS
189,102,XL/XXL,M/L
170,68,M/L,XS/S
192,88,XXL/XXXL,L/XL
178,71,M/L,XS/S
177,81,L/XL,S/M
177,88,L/XL,S/M
171,86,L/XL,S/M
174,94,L/XL,S/M
176,95,L/XL,S/M
172,62,S/M,XXS/XS
181,77,L/XL,S/M
178,72,M/L,XS/S
165,97,XL/XXL,M/L
171,87,L/XL,S/M
164,107,XL/XXL,M/L
171,87,L/XL,S/M
180,74,M/L,XS/S
167,64,S/M,XXS/XS
173,65,S/M,XXS/XS
175,87,L/XL,S/M
180,94,L/XL,S/M
173,83,L/XL,S/M
177,74,M/L,XS/S
185,108,XL/XXL,M/L
172,101,XL/XXL,M/L
176,90,L/XL,S/M
170,83,L/XL,S/M
174,86,L/XL,S/M
183,101,XL/XXL,M/L
174,92,L/XL,S/M
172,80,L/XL,S/M
174,97,XL/XXL,M/L
173,82,L/XL,S/M
182,65,M/L,XS/S
174,87,L/XL,S/M
179,91,L/XL,S/M
174,111,XXL/XXXL,L/XL
174,74,M/L,XS/S
183,94,L/XL,S/M
170,69,M/L,XS/S
180,96,XL/XXL,M/L
175,88,L/XL,S/M
186,98,XL/XXL,M/L
180,79,L/XL,S/M
170,91,L/XL,S/M
177,90,L/XL,S/M
172,100,XL/XXL,M/L
182,62,M/L,XS/S
180,116,XXL/XXXL,L/XL
168,68,M/L,XS/S
173,65,S/M,XXS/XS
172,80,L/XL,S/M
176,103,XL/XXL,M/L
181,107,XL/XXL,M/L
181,73,M/L,XS/S
180,95,L/XL,S/M
182,86,L/XL,S/M
165,77,L/XL,S/M
162,92,L/XL,S/M
171,78,L/XL,S/M
164,86,L/XL,S/M
168,96,XL/XXL,M/L
165,60,S/M,XXS/XS
170,90,L/XL,S/M
178,80,L/XL,S/M
164,75,M/L,XS/S
168,70,M/L,XS/S
179,80,L/XL,S/M
183,68,L/XL,S/M
171,84,L/XL,S/M
173,92,L/XL,S/M
166,97,XL/XXL,M/L
178,110,XL/XXL,M/L
174,80,L/XL,S/M
165,86,L/XL,S/M
180,97,XL/XXL,M/L
173,116,XXL/XXXL,L/XL
172,97,XL/XXL,M/L
173,79,L/XL,S/M
178,85,L/XL,S/M
183,81,L/XL,S/M
172,92,L/XL,S/M
190,114,XXL/XXXL,L/XL
163,88,L/XL,S/M
178,87,L/XL,S/M
165,87,L/XL,S/M
174,73,M/L,XS/S
176,99,XL/XXL,M/L
168,90,L/XL,S/M
175,88,L/XL,S/M
180,85,L/XL,S/M
181,86,L/XL,S/M
167,84,L/XL,S/M
189,108,XL/XXL,M/L
180,81,L/XL,S/M
169,91,L/XL,S/M
172,93,L/XL,S/M
174,89,L/XL,S/M
172,98,XL/XXL,M/L
174,82,L/XL,S/M
167,77,L/XL,S/M
174,90,L/XL,S/M
177,88,L/XL,S/M
178,104,XL/XXL,M/L
160,63,S/M,XXS/XS
170,97,XL/XXL,M/L
178,79,L/XL,S/M
176,72,M/L,XS/S
178,65,S/M,XXS/XS
180,124,XXL/XXXL,XL/XXL
170,82,L/XL,S/M
177,75,M/L,XS/S
172,77,L/XL,S/M
174,77,L/XL,S/M
171,78,L/XL,S/M
180,75,M/L,XS/S
174,87,L/XL,S/M
194,91,XXL/XXXL,L/XL
178,90,L/XL,S/M
182,82,L/XL,S/M
191,87,XXL/XXXL,L/XL
183,86,L/XL,S/M
179,93,L/XL,S/M
177,69,M/L,XS/S
173,72,M/L,XS/S
170,70,M/L,XS/S
180,83,L/XL,S/M
170,79,L/XL,S/M
173,122,XXL/XXXL,XL/XXL
178,97,XL/XXL,M/L
161,68,M/L,XS/S
163,58,S/M,XXS/XS
177,96,XL/XXL,M/L
177,66,M/L,XS/S
173,93,L/XL,S/M
171,77,L/XL,S/M
181,90,L/XL,S/M
161,60,S/M,XXS/XS
167,73,M/L,XS/S
174,102,XL/XXL,M/L
183,67,L/XL,S/M
172,73,M/L,XS/S
171,94,L/XL,S/M
182,75,M/L,XS/S
194,88,XXL/XXXL,L/XL
188,65,XL/XXL,M/L
183,74,L/XL,S/M
177,75,M/L,XS/S
179,109,XL/XXL,M/L
169,66,M/L,XS/S
170,104,XL/XXL,M/L
170,81,L/XL,S/M
181,87,L/XL,S/M
170,69,M/L,XS/S
178,83,L/XL,S/M
175,67,M/L,XS/S
174,95,L/XL,S/M
162,91,L/XL,S/M
177,82,L/XL,S/M
172,81,L/XL,S/M
195,99,XXL/XXXL,L/XL
172,70,M/L,XS/S
171,59,S/M,XXS/XS
172,89,L/XL,S/M
169,82,L/XL,S/M
169,79,L/XL,S/M
173,78,L/XL,S/M
167,76,L/XL,S/M
175,66,M/L,XS/S
189,120,XXL/XXXL,L/XL
176,77,L/XL,S/M
171,74,M/L,XS/S
174,93,L/XL,S/M
177,88,L/XL,S/M
171,84,L/XL,S/M
174,96,XL/XXL,M/L
175,101,XL/XXL,M/L
172,85,L/XL,S/M
177,90,L/XL,S/M
175,99,XL/XXL,M/L
175,82,L/XL,S/M
177,87,L/XL,S/M
168,86,L/XL,S/M
170,85,L/XL,S/M
173,90,L/XL,S/M
174,99,XL/XXL,M/L
173,91,L/XL,S/M
171,78,L/XL,S/M
163,69,M/L,XS/S
170,80,L/XL,S/M
177,86,L/XL,S/M
179,108,XL/XXL,M/L
183,94,L/XL,S/M
185,99,XL/XXL,M/L
182,99,XL/XXL,M/L
175,101,XL/XXL,M/L
168,73,M/L,XS/S
170,90,L/XL,S/M
182,97,XL/XXL,M/L
179,89,L/XL,S/M
178,78,L/XL,S/M
176,99,XL/XXL,M/L
174,87,L/XL,S/M
180,94,L/XL,S/M
173,90,L/XL,S/M
178,71,M/L,XS/S
166,73,M/L,XS/S
178,107,XL/XXL,M/L
177,81,L/XL,S/M
179,94,L/XL,S/M
172,84,L/XL,S/M
183,79,L/XL,S/M
169,84,L/XL,S/M
177,74,M/L,XS/S
169,73,M/L,XS/S
177,86,L/XL,S/M
173,78,L/XL,S/M
180,101,XL/XXL,M/L
165,71,M/L,XS/S
176,79,L/XL,S/M
178,94,L/XL,S/M
187,85,XL/XXL,M/L
156,86,L/XL,S/M
178,87,L/XL,S/M
173,95,L/XL,S/M
175,80,L/XL,S/M
190,105,XL/XXL,M/L
178,84,L/XL,S/M
176,89,L/XL,S/M
173,81,L/XL,S/M
172,90,L/XL,S/M
190,122,XXL/XXXL,XL/XXL
178,92,L/XL,S/M
182,105,XL/XXL,M/L
164,91,L/XL,S/M
187,96,XL/XXL,M/L
175,79,L/XL,S/M
179,108,XL/XXL,M/L
173,97,XL/XXL,M/L
167,84,L/XL,S/M
180,107,XL/XXL,M/L
161,75,M/L,XS/S
189,112,XXL/XXXL,L/XL
178,93,L/XL,S/M
185,104,XL/XXL,M/L
177,91,L/XL,S/M
184,110,XL/XXL,M/L
172,95,L/XL,S/M
194,106,XXL/XXXL,L/XL
172,78,L/XL,S/M
182,90,L/XL,S/M
176,90,L/XL,S/M
171,80,L/XL,S/M
178,87,L/XL,S/M
170,89,L/XL,S/M
181,93,L/XL,S/M
186,88,L/XL,S/M
176,89,L/XL,S/M
176,95,L/XL,S/M
172,95,L/XL,S/M
178,81,L/XL,S/M
178,102,XL/XXL,M/L
176,84,L/XL,S/M
165,89,L/XL,S/M
173,78,L/XL,S/M
192,101,XXL/XXXL,L/XL
169,80,L/XL,S/M
179,100,XL/XXL,M/L
180,87,L/XL,S/M
184,92,L/XL,S/M
174,80,L/XL,S/M
190,117,XXL/XXXL,L/XL
167,88,L/XL,S/M
166,74,M/L,XS/S
181,95,L/XL,S/M
186,88,L/XL,S/M
180,71,M/L,XS/S
170,78,L/XL,S/M
170,84,L/XL,S/M
171,89,L/XL,S/M
180,93,L/XL,S/M
171,90,L/XL,S/M
182,106,XL/XXL,M/L
176,85,L/XL,S/M
162,85,L/XL,S/M
178,90,L/XL,S/M
171,93,L/XL,S/M
177,109,XL/XXL,M/L
170,66,M/L,XS/S
178,85,L/XL,S/M
177,96,XL/XXL,M/L
174,75,M/L,XS/S
179,81,L/XL,S/M
172,88,L/XL,S/M
183,104,XL/XXL,M/L
186,90,L/XL,S/M
179,85,L/XL,S/M
177,89,L/XL,S/M
177,82,L/XL,S/M
180,101,XL/XXL,M/L
173,83,L/XL,S/M
173,94,L/XL,S/M
169,96,XL/XXL,M/L
182,103,XL/XXL,M/L
176,78,L/XL,S/M
177,87,L/XL,S/M
180,92,L/XL,S/M
178,84,L/XL,S/M
185,87,L/XL,S/M
174,80,L/XL,S/M
170,81,L/XL,S/M
185,89,L/XL,S/M
176,88,L/XL,S/M
176,89,L/XL,S/M
180,101,XL/XXL,M/L
177,89,L/XL,S/M
176,79,L/XL,S/M
185,91,L/XL,S/M
173,73,M/L,XS/S
178,108,XL/XXL,M/L
175,95,L/XL,S/M
163,74,M/L,XS/S
174,83,L/XL,S/M
174,79,L/XL,S/M
173,85,L/XL,S/M
177,80,L/XL,S/M
180,95,L/XL,S/M
172,82,L/XL,S/M
171,77,L/XL,S/M
173,83,L/XL,S/M
167,57,S/M,XXS/XS
179,105,XL/XXL,M/L
179,89,L/XL,S/M
185,93,L/XL,S/M
171,88,L/XL,S/M
177,79,L/XL,S/M
181,100,XL/XXL,M/L
185,82,L/XL,S/M
160,77,L/XL,S/M
166,84,L/XL,S/M
186,95,L/XL,S/M
181,77,L/XL,S/M
172,71,M/L,XS/S
171,106,XL/XXL,M/L
176,94,L/XL,S/M
178,81,L/XL,S/M
178,80,L/XL,S/M
173,82,L/XL,S/M
152,66,M/L,XS/S
175,72,M/L,XS/S
179,76,L/XL,S/M
170,76,L/XL,S/M
179,104,XL/XXL,M/L
177,72,M/L,XS/S
170,79,L/XL,S/M
168,95,L/XL,S/M
165,87,L/XL,S/M
165,91,L/XL,S/M
164,85,L/XL,S/M
179,78,L/XL,S/M
168,76,L/XL,S/M
170,90,L/XL,S/M
175,76,L/XL,S/M
171,85,L/XL,S/M
184,106,XL/XXL,M/L
169,84,L/XL,S/M
179,70,M/L,XS/S
173,65,S/M,XXS/XS
167,84,L/XL,S/M
176,98,XL/XXL,M/L
175,85,L/XL,S/M
176,104,XL/XXL,M/L
173,89,L/XL,S/M
187,103,XL/XXL,M/L
174,89,L/XL,S/M
177,66,M/L,XS/S
171,89,L/XL,S/M
170,105,XL/XXL,M/L
176,84,L/XL,S/M
166,74,M/L,XS/S
166,59,S/M,XXS/XS
177,82,L/XL,S/M
173,90,L/XL,S/M
172,87,L/XL,S/M
169,68,M/L,XS/S
172,76,L/XL,S/M
180,108,XL/XXL,M/L
167,77,L/XL,S/M
177,82,L/XL,S/M
172,85,L/XL,S/M
167,69,M/L,XS/S
169,80,L/XL,S/M
176,73,M/L,XS/S
176,77,L/XL,S/M
170,100,XL/XXL,M/L
179,86,L/XL,S/M
168,59,S/M,XXS/XS
174,97,XL/XXL,M/L
196,89,XXL/XXXL,L/XL
173,101,XL/XXL,M/L
186,111,XXL/XXXL,L/XL
185,71,L/XL,S/M
184,105,XL/XXL,M/L
183,82,L/XL,S/M
173,85,L/XL,S/M
195,104,XXL/XXXL,L/XL
163,78,L/XL,S/M
179,98,XL/XXL,M/L
169,76,L/XL,S/M
162,76,L/XL,S/M
162,97,XL/XXL,M/L
168,86,L/XL,S/M
174,80,L/XL,S/M
171,86,L/XL,S/M
175,79,L/XL,S/M
178,105,XL/XXL,M/L
183,84,L/XL,S/M
171,63,S/M,XXS/XS
184,134,XXL/XXXL,XL/XXL
178,97,XL/XXL,M/L
191,80,XXL/XXXL,L/XL
183,83,L/XL,S/M
190,126,XXL/XXXL,XL/XXL
181,115,XXL/XXXL,L/XL
184,105,XL/XXL,M/L
172,67,M/L,XS/S
178,95,L/XL,S/M
171,70,M/L,XS/S
178,65,S/M,XXS/XS
183,89,L/XL,S/M
174,75,M/L,XS/S
182,90,L/XL,S/M
176,72,M/L,XS/S
182,104,XL/XXL,M/L
179,116,XXL/XXXL,L/XL
183,86,L/XL,S/M
168,60,S/M,XXS/XS
178,112,XXL/XXXL,L/XL
176,76,L/XL,S/M
181,127,XXL/XXXL,XL/XXL
168,52,XS/S,XXS
175,91,L/XL,S/M
177,83,L/XL,S/M
180,105,XL/XXL,M/L
178,89,L/XL,S/M
184,84,L/XL,S/M
179,82,L/XL,S/M
169,65,S/M,XXS/XS
173,78,L/XL,S/M
183,78,L/XL,S/M
183,95,L/XL,S/M
184,97,XL/XXL,M/L
187,105,XL/XXL,M/L
166,64,S/M,XXS/XS
189,102,XL/XXL,M/L
173,77,L/XL,S/M
185,89,L/XL,S/M
182,70,M/L,XS/S
177,95,L/XL,S/M
172,102,XL/XXL,M/L
174,71,M/L,XS/S
192,113,XXL/XXXL,L/XL
185,92,L/XL,S/M
183,97,XL/XXL,M/L
164,75,M/L,XS/S
173,82,L/XL,S/M
168,93,L/XL,S/M
174,111,XXL/XXXL,L/XL
170,80,L/XL,S/M
168,81,L/XL,S/M
180,96,XL/XXL,M/L
186,100,XL/XXL,M/L
175,99,XL/XXL,M/L
181,100,XL/XXL,M/L
170,77,L/XL,S/M
180,78,L/XL,S/M
183,95,L/XL,S/M
177,66,M/L,XS/S
187,108,XL/XXL,M/L
184,110,XL/XXL,M/L
173,93,L/XL,S/M
180,84,L/XL,S/M
179,96,XL/XXL,M/L
170,64,S/M,XXS/XS
186,102,XL/XXL,M/L
172,88,L/XL,S/M
168,67,M/L,XS/S
170,82,L/XL,S/M
176,73,M/L,XS/S
172,88,L/XL,S/M
165,77,L/XL,S/M
173,69,M/L,XS/S
193,83,XXL/XXXL,L/XL
186,116,XXL/XXXL,L/XL
183,98,XL/XXL,M/L
192,132,XXL/XXXL,XL/XXL
183,104,XL/XXL,M/L
175,82,L/XL,S/M
172,65,S/M,XXS/XS
188,96,XL/XXL,M/L
181,97,XL/XXL,M/L
170,54,S/M,XXS/XS
166,60,S/M,XXS/XS
173,73,M/L,XS/S
183,104,XL/XXL,M/L
160,39,XS/S,XXS
177,89,L/XL,S/M
185,125,XXL/XXXL,XL/XXL
183,81,L/XL,S/M
175,73,M/L,XS/S
168,87,L/XL,S/M
179,75,M/L,XS/S
179,81,L/XL,S/M
177,85,L/XL,S/M
176,65,S/M,XXS/XS
173,99,XL/XXL,M/L
181,86,L/XL,S/M
172,59,S/M,XXS/XS
181,101,XL/XXL,M/L
177,79,L/XL,S/M
175,70,M/L,XS/S
180,78,L/XL,S/M
173,72,M/L,XS/S
183,86,L/XL,S/M
188,99,XL/XXL,M/L
178,82,L/XL,S/M
179,84,L/XL,S/M
172,82,L/XL,S/M
169,70,M/L,XS/S
177,67,M/L,XS/S
176,70,M/L,XS/S
171,90,L/XL,S/M
167,60,S/M,XXS/XS
172,91,L/XL,S/M
174,91,L/XL,S/M
160,83,L/XL,S/M
179,82,L/XL,S/M
180,115,XXL/XXXL,L/XL
173,57,S/M,XXS/XS
171,93,L/XL,S/M
177,86,L/XL,S/M
165,55,XS/S,XXS
185,98,XL/XXL,M/L
170,97,XL/XXL,M/L
178,93,L/XL,S/M
165,85,L/XL,S/M
185,85,L/XL,S/M
177,63,S/M,XXS/XS
175,88,L/XL,S/M
173,59,S/M,XXS/XS
171,95,L/XL,S/M
170,69,M/L,XS/S
173,74,M/L,XS/S
172,79,L/XL,S/M
178,109,XL/XXL,M/L
171,87,L/XL,S/M
172,65,S/M,XXS/XS
173,98,XL/XXL,M/L
173,63,S/M,XXS/XS
181,129,XXL/XXXL,XL/XXL
167,74,M/L,XS/S
174,80,L/XL,S/M
173,77,L/XL,S/M
177,98,XL/XXL,M/L
175,79,L/XL,S/M
188,106,XL/XXL,M/L
170,79,L/XL,S/M
192,100,XXL/XXXL,L/XL
182,84,L/XL,S/M
182,74,M/L,XS/S
167,59,S/M,XXS/XS
176,82,L/XL,S/M
173,64,S/M,XXS/XS
181,87,L/XL,S/M
175,79,L/XL,S/M
165,81,L/XL,S/M
177,109,XL/XXL,M/L
171,68,M/L,XS/S
176,82,L/XL,S/M
183,88,L/XL,S/M
180,89,L/XL,S/M
170,112,XXL/XXXL,L/XL
179,94,L/XL,S/M
173,76,L/XL,S/M
177,105,XL/XXL,M/L
165,55,XS/S,XXS
168,91,L/XL,S/M
168,85,L/XL,S/M
171,90,L/XL,S/M
169,95,L/XL,S/M
175,87,L/XL,S/M
184,104,XL/XXL,M/L
182,85,L/XL,S/M
174,78,L/XL,S/M
184,74,L/XL,S/M
176,103,XL/XXL,M/L
176,82,L/XL,S/M
181,85,L/XL,S/M
167,74,M/L,XS/S
172,87,L/XL,S/M
172,73,M/L,XS/S
176,78,L/XL,S/M
176,90,L/XL,S/M
169,64,S/M,XXS/XS
168,82,L/XL,S/M
168,69,M/L,XS/S
168,76,L/XL,S/M
176,88,L/XL,S/M
180,86,L/XL,S/M
188,80,XL/XXL,M/L
168,92,L/XL,S/M
179,101,XL/XXL,M/L
184,110,XL/XXL,M/L
177,77,L/XL,S/M
173,99,XL/XXL,M/L
175,63,S/M,XXS/XS
182,105,XL/XXL,M/L
183,109,XL/XXL,M/L
174,73,M/L,XS/S
177,83,L/XL,S/M
165,73,M/L,XS/S
174,80,L/XL,S/M
180,83,L/XL,S/M
166,66,M/L,XS/S
182,102,XL/XXL,M/L
185,108,XL/XXL,M/L
179,103,XL/XXL,M/L
180,81,L/XL,S/M
174,69,M/L,XS/S
167,81,L/XL,S/M
178,91,L/XL,S/M
178,107,XL/XXL,M/L
182,106,XL/XXL,M/L
168,75,M/L,XS/S
176,86,L/XL,S/M
168,80,L/XL,S/M
176,96,XL/XXL,M/L
173,88,L/XL,S/M
186,105,XL/XXL,M/L
167,70,M/L,XS/S
191,125,XXL/XXXL,XL/XXL
173,75,M/L,XS/S
167,86,L/XL,S/M
173,76,L/XL,S/M
180,94,L/XL,S/M
170,68,M/L,XS/S
168,81,L/XL,S/M
177,85,L/XL,S/M
180,97,XL/XXL,M/L
180,96,XL/XXL,M/L
171,71,M/L,XS/S
174,82,L/XL,S/M
171,100,XL/XXL,M/L
182,100,XL/XXL,M/L
174,85,L/XL,S/M
186,83,L/XL,S/M
192,111,XXL/XXXL,L/XL
167,81,L/XL,S/M
176,88,L/XL,S/M
171,91,L/XL,S/M
175,117,XXL/XXXL,L/XL
173,103,XL/XXL,M/L
175,121,XXL/XXXL,XL/XXL
168,68,M/L,XS/S
178,105,XL/XXL,M/L
172,65,S/M,XXS/XS
184,95,L/XL,S/M
176,86,L/XL,S/M
178,103,XL/XXL,M/L
180,81,L/XL,S/M
178,97,XL/XXL,M/L
166,76,L/XL,S/M
176,97,XL/XXL,M/L
167,93,L/XL,S/M
181,96,XL/XXL,M/L
171,84,L/XL,S/M
173,89,L/XL,S/M
170,91,L/XL,S/M
179,92,L/XL,S/M
181,119,XXL/XXXL,L/XL
169,75,M/L,XS/S
178,95,L/XL,S/M
184,109,XL/XXL,M/L
185,105,XL/XXL,M/L
166,102,XL/XXL,M/L
176,86,L/XL,S/M
179,99,XL/XXL,M/L
170,97,XL/XXL,M/L
187,113,XXL/XXXL,L/XL
178,84,L/XL,S/M
175,77,L/XL,S/M
177,84,L/XL,S/M
167,87,L/XL,S/M
172,101,XL/XXL,M/L
171,87,L/XL,S/M
170,76,L/XL,S/M
169,86,L/XL,S/M
176,94,L/XL,S/M
174,101,XL/XXL,M/L
178,87,L/XL,S/M
180,73,M/L,XS/S
178,71,M/L,XS/S
177,99,XL/XXL,M/L
175,100,XL/XXL,M/L
159,70,M/L,XS/S
186,112,XXL/XXXL,L/XL
174,69,M/L,XS/S
174,76,L/XL,S/M
179,100,XL/XXL,M/L
179,103,XL/XXL,M/L
173,103,XL/XXL,M/L
168,65,S/M,XXS/XS
173,92,L/XL,S/M
172,105,XL/XXL,M/L
169,63,S/M,XXS/XS
183,67,L/XL,S/M
185,102,XL/XXL,M/L
172,97,XL/XXL,M/L
174,75,M/L,XS/S
170,85,L/XL,S/M
177,72,M/L,XS/S
180,87,L/XL,S/M
180,99,XL/XXL,M/L
181,94,L/XL,S/M
188,103,XL/XXL,M/L
175,93,L/XL,S/M
166,75,M/L,XS/S
183,85,L/XL,S/M
182,103,XL/XXL,M/L
182,107,XL/XXL,M/L
178,96,XL/XXL,M/L
171,96,XL/XXL,M/L
182,76,L/XL,S/M
179,71,M/L,XS/S
169,78,L/XL,S/M
171,81,L/XL,S/M
182,76,L/XL,S/M
184,95,L/XL,S/M
167,76,L/XL,S/M
177,100,XL/XXL,M/L
172,75,M/L,XS/S
183,92,L/XL,S/M
172,84,L/XL,S/M
176,92,L/XL,S/M
173,91,L/XL,S/M
169,96,XL/XXL,M/L
166,79,L/XL,S/M
180,91,L/XL,S/M
181,95,L/XL,S/M
179,114,XXL/XXXL,L/XL
181,114,XXL/XXXL,L/XL
177,69,M/L,XS/S
182,95,L/XL,S/M
178,102,XL/XXL,M/L
171,83,L/XL,S/M
178,108,XL/XXL,M/L
171,84,L/XL,S/M
179,91,L/XL,S/M
181,97,XL/XXL,M/L
176,90,L/XL,S/M
182,86,L/XL,S/M
166,59,S/M,XXS/XS
182,89,L/XL,S/M
179,87,L/XL,S/M
182,100,XL/XXL,M/L
182,101,XL/XXL,M/L
176,96,XL/XXL,M/L
177,104,XL/XXL,M/L
181,110,XL/XXL,M/L
183,119,XXL/XXXL,L/XL
184,80,L/XL,S/M
178,78,L/XL,S/M
189,74,XL/XXL,M/L
180,125,XXL/XXXL,XL/XXL
189,99,XL/XXL,M/L
160,63,S/M,XXS/XS
183,82,L/XL,S/M
172,82,L/XL,S/M
184,71,L/XL,S/M
173,92,L/XL,S/M
179,74,M/L,XS/S
174,108,XL/XXL,M/L
178,80,L/XL,S/M
178,94,L/XL,S/M
176,69,M/L,XS/S
184,110,XL/XXL,M/L
171,85,L/XL,S/M
173,93,L/XL,S/M
187,84,XL/XXL,M/L
179,85,L/XL,S/M
180,118,XXL/XXXL,L/XL
172,84,L/XL,S/M
166,81,L/XL,S/M
178,85,L/XL,S/M
172,78,L/XL,S/M
182,104,XL/XXL,M/L
174,80,L/XL,S/M
168,89,L/XL,S/M
171,72,M/L,XS/S
177,104,XL/XXL,M/L
176,90,L/XL,S/M
174,81,L/XL,S/M
168,71,M/L,XS/S
174,95,L/XL,S/M
177,84,L/XL,S/M
170,64,S/M,XXS/XS
184,86,L/XL,S/M
166,81,L/XL,S/M
172,91,L/XL,S/M
181,110,XL/XXL,M/L
167,71,M/L,XS/S
177,106,XL/XXL,M/L
172,96,XL/XXL,M/L
181,115,XXL/XXXL,L/XL
179,96,XL/XXL,M/L
169,77,L/XL,S/M
192,69,XXL/XXXL,L/XL
176,81,L/XL,S/M
173,79,L/XL,S/M
180,97,XL/XXL,M/L
180,81,L/XL,S/M
179,85,L/XL,S/M
174,113,XXL/XXXL,L/XL
169,74,M/L,XS/S
182,97,XL/XXL,M/L
173,82,L/XL,S/M
177,96,XL/XXL,M/L
186,77,L/XL,S/M
167,59,S/M,XXS/XS
176,84,L/XL,S/M
165,69,M/L,XS/S
169,74,M/L,XS/S
176,70,M/L,XS/S
179,87,L/XL,S/M
177,96,XL/XXL,M/L
178,92,L/XL,S/M
177,94,L/XL,S/M
178,97,XL/XXL,M/L
178,73,M/L,XS/S
169,83,L/XL,S/M
170,89,L/XL,S/M
183,105,XL/XXL,M/L
170,86,L/XL,S/M
180,92,L/XL,S/M
164,71,M/L,XS/S
190,103,XL/XXL,M/L
174,87,L/XL,S/M
181,119,XXL/XXXL,L/XL
188,93,XL/XXL,M/L
166,73,M/L,XS/S
181,82,L/XL,S/M
173,102,XL/XXL,M/L
179,86,L/XL,S/M
176,101,XL/XXL,M/L
174,82,L/XL,S/M
178,95,L/XL,S/M
177,94,L/XL,S/M
166,59,S/M,XXS/XS
166,88,L/XL,S/M
175,73,M/L,XS/S
158,79,L/XL,S/M
171,65,S/M,XXS/XS
178,77,L/XL,S/M
176,99,XL/XXL,M/L
162,66,M/L,XS/S
167,91,L/XL,S/M
176,101,XL/XXL,M/L
172,80,L/XL,S/M
177,81,L/XL,S/M
175,103,XL/XXL,M/L
168,58,S/M,XXS/XS
173,80,L/XL,S/M
174,78,L/XL,S/M
167,86,L/XL,S/M
166,67,M/L,XS/S
168,63,S/M,XXS/XS
175,91,L/XL,S/M
164,61,S/M,XXS/XS
179,112,XXL/XXXL,L/XL
179,102,XL/XXL,M/L
170,97,XL/XXL,M/L
171,83,L/XL,S/M
186,106,XL/XXL,M/L
180,102,XL/XXL,M/L
172,70,M/L,XS/S
185,108,XL/XXL,M/L
165,57,S/M,XXS/XS
183,80,L/XL,S/M
178,91,L/XL,S/M
186,76,L/XL,S/M
186,142,XXL/XXXL,XL/XXL
174,94,L/XL,S/M
171,81,L/XL,S/M
173,70,M/L,XS/S
160,52,XS/S,XXS
172,77,L/XL,S/M
180,68,M/L,XS/S
164,70,M/L,XS/S
182,116,XXL/XXXL,L/XL
159,62,S/M,XXS/XS
177,99,XL/XXL,M/L
187,109,XL/XXL,M/L
182,101,XL/XXL,M/L
179,87,L/XL,S/M
170,77,L/XL,S/M
177,89,L/XL,S/M
176,67,M/L,XS/S
179,81,L/XL,S/M
182,88,L/XL,S/M
179,104,XL/XXL,M/L
186,100,XL/XXL,M/L
176,95,L/XL,S/M
167,68,M/L,XS/S
172,90,L/XL,S/M
174,115,XXL/XXXL,L/XL
173,82,L/XL,S/M
180,69,M/L,XS/S
182,84,L/XL,S/M
175,65,S/M,XXS/XS
171,89,L/XL,S/M
169,65,S/M,XXS/XS
166,66,M/L,XS/S
181,85,L/XL,S/M
171,86,L/XL,S/M
171,83,L/XL,S/M
169,100,XL/XXL,M/L
167,79,L/XL,S/M
174,80,L/XL,S/M
175,94,L/XL,S/M
177,82,L/XL,S/M
181,99,XL/XXL,M/L
173,92,L/XL,S/M
154,63,S/M,XXS/XS
179,72,M/L,XS/S
168,77,L/XL,S/M
170,80,L/XL,S/M
161,78,L/XL,S/M
175,73,M/L,XS/S
166,110,XL/XXL,M/L
175,105,XL/XXL,M/L
174,85,L/XL,S/M
182,95,L/XL,S/M
176,79,L/XL,S/M
180,84,L/XL,S/M
181,91,L/XL,S/M
177,68,M/L,XS/S
177,88,L/XL,S/M
171,75,M/L,XS/S
179,77,L/XL,S/M
184,98,XL/XXL,M/L
175,75,M/L,XS/S
176,80,L/XL,S/M
193,96,XXL/XXXL,L/XL
184,97,XL/XXL,M/L
172,84,L/XL,S/M
180,81,L/XL,S/M
184,96,XL/XXL,M/L
178,92,L/XL,S/M
174,82,L/XL,S/M
173,81,L/XL,S/M
171,87,L/XL,S/M
164,57,S/M,XXS/XS
178,96,XL/XXL,M/L
183,98,XL/XXL,M/L
176,100,XL/XXL,M/L
168,78,L/XL,S/M
185,85,L/XL,S/M
172,93,L/XL,S/M
157,67,M/L,XS/S
171,66,M/L,XS/S
165,80,L/XL,S/M
172,80,L/XL,S/M
177,92,L/XL,S/M
163,77,L/XL,S/M
190,105,XL/XXL,M/L
179,90,L/XL,S/M
179,77,L/XL,S/M
182,90,L/XL,S/M
183,90,L/XL,S/M
175,96,XL/XXL,M/L
186,101,XL/XXL,M/L
180,89,L/XL,S/M
179,91,L/XL,S/M
177,74,M/L,XS/S
185,82,L/XL,S/M
181,80,L/XL,S/M
181,84,L/XL,S/M
168,79,L/XL,S/M
184,99,XL/XXL,M/L
185,106,XL/XXL,M/L
169,74,M/L,XS/S
173,80,L/XL,S/M
171,72,M/L,XS/S
175,75,M/L,XS/S
172,78,L/XL,S/M
164,63,S/M,XXS/XS
167,64,S/M,XXS/XS
175,84,L/XL,S/M
182,92,L/XL,S/M
165,74,M/L,XS/S
178,91,L/XL,S/M
187,105,XL/XXL,M/L
169,75,M/L,XS/S
178,95,L/XL,S/M
170,68,M/L,XS/S
170,72,M/L,XS/S
159,72,M/L,XS/S
182,96,XL/XXL,M/L
173,65,S/M,XXS/XS
179,96,XL/XXL,M/L
170,97,XL/XXL,M/L
178,99,XL/XXL,M/L
170,79,L/XL,S/M
182,101,XL/XXL,M/L
171,108,XL/XXL,M/L
184,107,XL/XXL,M/L
190,129,XXL/XXXL,XL/XXL
172,66,M/L,XS/S
172,72,M/L,XS/S
167,65,S/M,XXS/XS
190,79,XL/XXL,M/L
163,78,L/XL,S/M
177,114,XXL/XXXL,L/XL
184,115,XXL/XXXL,L/XL
179,91,L/XL,S/M
182,104,XL/XXL,M/L
163,66,M/L,XS/S
171,88,L/XL,S/M
170,86,L/XL,S/M
174,91,L/XL,S/M
174,80,L/XL,S/M
168,79,L/XL,S/M
173,71,M/L,XS/S
193,82,XXL/XXXL,L/XL
177,91,L/XL,S/M
183,80,L/XL,S/M
174,99,XL/XXL,M/L
184,89,L/XL,S/M
164,91,L/XL,S/M
192,96,XXL/XXXL,L/XL
178,82,L/XL,S/M
178,71,M/L,XS/S
176,82,L/XL,S/M
172,68,M/L,XS/S
170,82,L/XL,S/M
172,62,S/M,XXS/XS
175,89,L/XL,S/M
177,92,L/XL,S/M
164,55,XS/S,XXS
157,61,S/M,XXS/XS
172,83,L/XL,S/M
181,80,L/XL,S/M
181,95,L/XL,S/M
174,104,XL/XXL,M/L
177,101,XL/XXL,M/L
181,134,XXL/XXXL,XL/XXL
171,93,L/XL,S/M
182,75,M/L,XS/S
176,80,L/XL,S/M
184,76,L/XL,S/M
172,102,XL/XXL,M/L
182,87,L/XL,S/M
168,87,L/XL,S/M
182,100,XL/XXL,M/L
161,71,M/L,XS/S
175,70,M/L,XS/S
174,92,L/XL,S/M
177,80,L/XL,S/M
177,94,L/XL,S/M
188,85,XL/XXL,M/L
178,63,S/M,XXS/XS
165,73,M/L,XS/S
171,76,L/XL,S/M
168,92,L/XL,S/M
177,93,L/XL,S/M
173,94,L/XL,S/M
179,106,XL/XXL,M/L
174,79,L/XL,S/M
187,95,XL/XXL,M/L
185,110,XL/XXL,M/L
185,97,XL/XXL,M/L
179,118,XXL/XXXL,L/XL
164,76,L/XL,S/M
178,99,XL/XXL,M/L
173,91,L/XL,S/M
173,87,L/XL,S/M
175,87,L/XL,S/M
175,71,M/L,XS/S
176,99,XL/XXL,M/L
168,77,L/XL,S/M
180,119,XXL/XXXL,L/XL
172,80,L/XL,S/M
181,91,L/XL,S/M
187,90,XL/XXL,M/L
173,86,L/XL,S/M
178,101,XL/XXL,M/L
180,76,L/XL,S/M
172,63,S/M,XXS/XS
175,98,XL/XXL,M/L
187,83,XL/XXL,M/L
171,65,S/M,XXS/XS
181,111,XXL/XXXL,L/XL
170,78,L/XL,S/M
179,89,L/XL,S/M
170,92,L/XL,S/M
183,74,L/XL,S/M
182,116,XXL/XXXL,L/XL
184,90,L/XL,S/M
162,71,M/L,XS/S
172,70,M/L,XS/S
172,65,S/M,XXS/XS
176,64,S/M,XXS/XS
169,82,L/XL,S/M
163,65,S/M,XXS/XS
177,92,L/XL,S/M
187,74,XL/XXL,M/L
178,73,M/L,XS/S
180,103,XL/XXL,M/L
175,81,L/XL,S/M
191,125,XXL/XXXL,XL/XXL
172,82,L/XL,S/M
165,69,M/L,XS/S
188,117,XXL/XXXL,L/XL
166,79,L/XL,S/M
168,76,L/XL,S/M
179,70,M/L,XS/S
174,82,L/XL,S/M
169,95,L/XL,S/M
167,61,S/M,XXS/XS
174,97,XL/XXL,M/L
172,88,L/XL,S/M
173,74,M/L,XS/S
186,99,XL/XXL,M/L
167,93,L/XL,S/M
167,103,XL/XXL,M/L
177,119,XXL/XXXL,L/XL
175,88,L/XL,S/M
182,90,L/XL,S/M
190,104,XL/XXL,M/L
181,83,L/XL,S/M
187,124,XXL/XXXL,XL/XXL
170,69,M/L,XS/S
175,75,M/L,XS/S
165,93,L/XL,S/M
172,73,M/L,XS/S
171,111,XXL/XXXL,L/XL
177,92,L/XL,S/M
185,70,L/XL,S/M
177,90,L/XL,S/M
184,102,XL/XXL,M/L
180,109,XL/XXL,M/L
171,76,L/XL,S/M
171,99,XL/XXL,M/L
162,78,L/XL,S/M
167,82,L/XL,S/M
183,102,XL/XXL,M/L
181,95,L/XL,S/M
176,91,L/XL,S/M
185,112,XXL/XXXL,L/XL
175,78,L/XL,S/M
172,63,S/M,XXS/XS
170,99,XL/XXL,M/L
167,64,S/M,XXS/XS
171,69,M/L,XS/S
177,83,L/XL,S/M
168,66,M/L,XS/S
178,84,L/XL,S/M
174,83,L/XL,S/M
189,137,XXL/XXXL,XL/XXL
178,88,L/XL,S/M
169,64,S/M,XXS/XS
185,71,L/XL,S/M
176,82,L/XL,S/M
179,90,L/XL,S/M
179,105,XL/XXL,M/L
181,116,XXL/XXXL,L/XL
171,86,L/XL,S/M
173,96,XL/XXL,M/L
182,104,XL/XXL,M/L
164,88,L/XL,S/M
170,87,L/XL,S/M
189,122,XXL/XXXL,XL/XXL
165,72,M/L,XS/S
180,77,L/XL,S/M
168,78,L/XL,S/M
182,97,XL/XXL,M/L
181,105,XL/XXL,M/L
179,85,L/XL,S/M
179,98,XL/XXL,M/L
179,69,M/L,XS/S
165,96,XL/XXL,M/L
171,82,L/XL,S/M
177,91,L/XL,S/M
174,94,L/XL,S/M
186,104,XL/XXL,M/L
177,99,XL/XXL,M/L
178,99,XL/XXL,M/L
170,70,M/L,XS/S
169,67,M/L,XS/S
180,107,XL/XXL,M/L
170,96,XL/XXL,M/L
171,59,S/M,XXS/XS
174,85,L/XL,S/M
179,97,XL/XXL,M/L
176,90,L/XL,S/M
177,72,M/L,XS/S
184,98,XL/XXL,M/L
179,88,L/XL,S/M
172,68,M/L,XS/S
182,81,L/XL,S/M
173,95,L/XL,S/M
187,88,XL/XXL,M/L
164,90,L/XL,S/M
170,94,L/XL,S/M
180,67,M/L,XS/S
174,84,L/XL,S/M
165,83,L/XL,S/M
184,86,L/XL,S/M
173,83,L/XL,S/M
173,84,L/XL,S/M
194,97,XXL/XXXL,L/XL
191,84,XXL/XXXL,L/XL
174,97,XL/XXL,M/L
176,119,XXL/XXXL,L/XL
168,58,S/M,XXS/XS
189,114,XXL/XXXL,L/XL
175,97,XL/XXL,M/L
175,77,L/XL,S/M
184,89,L/XL,S/M
177,93,L/XL,S/M
188,110,XL/XXL,M/L
179,89,L/XL,S/M
194,101,XXL/XXXL,L/XL
191,118,XXL/XXXL,L/XL
178,79,L/XL,S/M
177,127,XXL/XXXL,XL/XXL
166,85,L/XL,S/M
171,76,L/XL,S/M
176,83,L/XL,S/M
178,85,L/XL,S/M
177,94,L/XL,S/M
180,96,XL/XXL,M/L
170,65,S/M,XXS/XS
180,77,L/XL,S/M
179,123,XXL/XXXL,XL/XXL
187,84,XL/XXL,M/L
186,101,XL/XXL,M/L
176,77,L/XL,S/M
177,94,L/XL,S/M
174,95,L/XL,S/M
170,76,L/XL,S/M
174,90,L/XL,S/M
179,97,XL/XXL,M/L
188,112,XXL/XXXL,L/XL
179,89,L/XL,S/M
174,64,S/M,XXS/XS
167,74,M/L,XS/S
180,82,L/XL,S/M
170,88,L/XL,S/M
170,58,S/M,XXS/XS
180,102,XL/XXL,M/L
177,82,L/XL,S/M
177,72,M/L,XS/S
179,89,L/XL,S/M
178,57,S/M,XXS/XS
174,95,L/XL,S/M
183,80,L/XL,S/M
183,82,L/XL,S/M
174,76,L/XL,S/M
179,88,L/XL,S/M
172,68,M/L,XS/S
168,102,XL/XXL,M/L
184,86,L/XL,S/M
169,64,S/M,XXS/XS
167,74,M/L,XS/S
178,82,L/XL,S/M
174,68,M/L,XS/S
182,88,L/XL,S/M
178,100,XL/XXL,M/L
186,84,L/XL,S/M
185,89,L/XL,S/M
169,77,L/XL,S/M
183,100,XL/XXL,M/L
172,87,L/XL,S/M
176,65,S/M,XXS/XS
176,61,S/M,XXS/XS
163,72,M/L,XS/S
157,59,S/M,XXS/XS
187,118,XXL/XXXL,L/XL
173,61,S/M,XXS/XS
171,90,L/XL,S/M
172,83,L/XL,S/M
171,89,L/XL,S/M
183,67,L/XL,S/M
183,101,XL/XXL,M/L
182,83,L/XL,S/M
183,105,XL/XXL,M/L
172,70,M/L,XS/S
176,83,L/XL,S/M
176,68,M/L,XS/S
179,77,L/XL,S/M
172,85,L/XL,S/M
178,81,L/XL,S/M
183,92,L/XL,S/M
177,88,L/XL,S/M
173,76,L/XL,S/M
177,80,L/XL,S/M
181,91,L/XL,S/M
164,88,L/XL,S/M
176,68,M/L,XS/S
173,72,M/L,XS/S
174,92,L/XL,S/M
175,69,M/L,XS/S
171,82,L/XL,S/M
176,99,XL/XXL,M/L
185,88,L/XL,S/M
180,85,L/XL,S/M
175,63,S/M,XXS/XS
169,67,M/L,XS/S
174,84,L/XL,S/M
157,65,S/M,XXS/XS
169,72,M/L,XS/S
182,90,L/XL,S/M
175,86,L/XL,S/M
168,77,L/XL,S/M
178,80,L/XL,S/M
189,119,XXL/XXXL,L/XL
182,89,L/XL,S/M
176,76,L/XL,S/M
177,75,M/L,XS/S
173,95,L/XL,S/M
165,58,S/M,XXS/XS
175,91,L/XL,S/M
181,81,L/XL,S/M
169,74,M/L,XS/S
173,63,S/M,XXS/XS
175,82,L/XL,S/M
166,56,S/M,XXS/XS
172,94,L/XL,S/M
181,87,L/XL,S/M
180,99,XL/XXL,M/L
183,92,L/XL,S/M
183,69,L/XL,S/M
169,57,S/M,XXS/XS
179,81,L/XL,S/M
182,87,L/XL,S/M
174,95,L/XL,S/M
184,90,L/XL,S/M
182,91,L/XL,S/M
187,125,XXL/XXXL,XL/XXL
175,103,XL/XXL,M/L
176,72,M/L,XS/S
168,86,L/XL,S/M
180,97,XL/XXL,M/L
172,76,L/XL,S/M
165,79,L/XL,S/M
169,73,M/L,XS/S
176,72,M/L,XS/S
183,84,L/XL,S/M
177,113,XXL/XXXL,L/XL
179,111,XXL/XXXL,L/XL
182,108,XL/XXL,M/L
181,78,L/XL,S/M
172,81,L/XL,S/M
180,106,XL/XXL,M/L
173,69,M/L,XS/S
179,90,L/XL,S/M
184,118,XXL/XXXL,L/XL
189,125,XXL/XXXL,XL/XXL
168,60,S/M,XXS/XS
193,133,XXL/XXXL,XL/XXL
182,101,XL/XXL,M/L
174,92,L/XL,S/M
177,104,XL/XXL,M/L
168,88,L/XL,S/M
182,76,L/XL,S/M
176,95,L/XL,S/M
170,77,L/XL,S/M
163,81,L/XL,S/M
172,97,XL/XXL,M/L
171,73,M/L,XS/S
185,107,XL/XXL,M/L
170,89,L/XL,S/M
174,80,L/XL,S/M
185,102,XL/XXL,M/L
174,95,L/XL,S/M
173,58,S/M,XXS/XS
176,88,L/XL,S/M
178,92,L/XL,S/M
175,76,L/XL,S/M
172,80,L/XL,S/M
170,87,L/XL,S/M
183,105,XL/XXL,M/L
173,84,L/XL,S/M
184,93,L/XL,S/M
167,85,L/XL,S/M
172,84,L/XL,S/M
169,74,M/L,XS/S
176,75,M/L,XS/S
177,91,L/XL,S/M
179,89,L/XL,S/M
194,112,XXL/XXXL,L/XL
187,98,XL/XXL,M/L
169,68,M/L,XS/S
169,67,M/L,XS/S
174,93,L/XL,S/M
183,74,L/XL,S/M
166,88,L/XL,S/M
168,68,M/L,XS/S
174,86,L/XL,S/M
171,107,XL/XXL,M/L
157,87,L/XL,S/M
168,83,L/XL,S/M
190,107,XL/XXL,M/L
168,66,M/L,XS/S
182,116,XXL/XXXL,L/XL
165,97,XL/XXL,M/L
173,69,M/L,XS/S
188,100,XL/XXL,M/L
172,76,L/XL,S/M
175,88,L/XL,S/M
171,98,XL/XXL,M/L
171,91,L/XL,S/M
176,89,L/XL,S/M
181,81,L/XL,S/M
173,90,L/XL,S/M
179,104,XL/XXL,M/L
156,63,S/M,XXS/XS
171,63,S/M,XXS/XS
174,108,XL/XXL,M/L
172,75,M/L,XS/S
180,92,L/XL,S/M
183,83,L/XL,S/M
176,82,L/XL,S/M
171,73,M/L,XS/S
171,92,L/XL,S/M
173,89,L/XL,S/M
172,66,M/L,XS/S
163,61,S/M,XXS/XS
164,85,L/XL,S/M
176,102,XL/XXL,M/L
181,99,XL/XXL,M/L
184,107,XL/XXL,M/L
172,112,XXL/XXXL,L/XL
174,80,L/XL,S/M
170,69,M/L,XS/S
172,84,L/XL,S/M
180,84,L/XL,S/M
169,66,M/L,XS/S
164,58,S/M,XXS/XS
171,80,L/XL,S/M
173,87,L/XL,S/M
177,118,XXL/XXXL,L/XL
177,102,XL/XXL,M/L
177,102,XL/XXL,M/L
176,94,L/XL,S/M
181,94,L/XL,S/M
180,85,L/XL,S/M
183,100,XL/XXL,M/L
188,88,XL/XXL,M/L
181,100,XL/XXL,M/L
166,93,L/XL,S/M
178,80,L/XL,S/M
178,86,L/XL,S/M
173,106,XL/XXL,M/L
160,70,M/L,XS/S
177,102,XL/XXL,M/L
173,70,M/L,XS/S
168,85,L/XL,S/M
171,64,S/M,XXS/XS
179,62,M/L,XS/S
186,99,XL/XXL,M/L
182,85,L/XL,S/M
180,81,L/XL,S/M
178,97,XL/XXL,M/L
175,73,M/L,XS/S
174,81,L/XL,S/M
171,71,M/L,XS/S
158,62,S/M,XXS/XS
189,84,XL/XXL,M/L
177,60,S/M,XXS/XS
173,67,M/L,XS/S
173,80,L/XL,S/M
170,102,XL/XXL,M/L
176,61,S/M,XXS/XS
173,80,L/XL,S/M
175,70,M/L,XS/S
182,85,L/XL,S/M
160,81,L/XL,S/M
174,88,L/XL,S/M
190,126,XXL/XXXL,XL/XXL
168,63,S/M,XXS/XS
179,62,M/L,XS/S
182,107,XL/XXL,M/L
180,116,XXL/XXXL,L/XL
175,92,L/XL,S/M
168,74,M/L,XS/S
184,86,L/XL,S/M
163,72,M/L,XS/S
166,78,L/XL,S/M
180,83,L/XL,S/M
175,72,M/L,XS/S
171,86,L/XL,S/M
174,100,XL/XXL,M/L
164,73,M/L,XS/S
175,94,L/XL,S/M
185,72,L/XL,S/M
170,88,L/XL,S/M
185,83,L/XL,S/M
168,106,XL/XXL,M/L
174,90,L/XL,S/M
181,72,M/L,XS/S
164,65,S/M,XXS/XS
187,99,XL/XXL,M/L
176,73,M/L,XS/S
178,77,L/XL,S/M
172,62,S/M,XXS/XS
166,76,L/XL,S/M
159,69,M/L,XS/S
171,86,L/XL,S/M
169,90,L/XL,S/M
174,85,L/XL,S/M
176,78,L/XL,S/M
174,99,XL/XXL,M/L
173,93,L/XL,S/M
176,102,XL/XXL,M/L
175,82,L/XL,S/M
174,93,L/XL,S/M
180,126,XXL/XXXL,XL/XXL
176,77,L/XL,S/M
183,90,L/XL,S/M
174,115,XXL/XXXL,L/XL
176,92,L/XL,S/M
171,82,L/XL,S/M
171,79,L/XL,S/M
167,109,XL/XXL,M/L
171,100,XL/XXL,M/L
182,87,L/XL,S/M
175,89,L/XL,S/M
178,105,XL/XXL,M/L
175,84,L/XL,S/M
165,74,M/L,XS/S
179,82,L/XL,S/M
172,111,XXL/XXXL,L/XL
177,128,XXL/XXXL,XL/XXL
188,105,XL/XXL,M/L
171,69,M/L,XS/S
163,66,M/L,XS/S
176,130,XXL/XXXL,XL/XXL
177,95,L/XL,S/M
182,78,L/XL,S/M
181,86,L/XL,S/M
188,92,XL/XXL,M/L
170,85,L/XL,S/M
175,83,L/XL,S/M
172,64,S/M,XXS/XS
171,85,L/XL,S/M
174,74,M/L,XS/S
173,88,L/XL,S/M
177,105,XL/XXL,M/L
166,73,M/L,XS/S
174,69,M/L,XS/S
177,113,XXL/XXXL,L/XL
162,58,S/M,XXS/XS
165,72,M/L,XS/S
174,100,XL/XXL,M/L
185,81,L/XL,S/M
176,92,L/XL,S/M
183,90,L/XL,S/M
169,81,L/XL,S/M
177,91,L/XL,S/M
174,91,L/XL,S/M
172,95,L/XL,S/M
162,67,M/L,XS/S
167,75,M/L,XS/S
165,81,L/XL,S/M
189,77,XL/XXL,M/L
173,77,L/XL,S/M
168,71,M/L,XS/S
175,84,L/XL,S/M
174,94,L/XL,S/M
164,67,M/L,XS/S
174,89,L/XL,S/M
179,90,L/XL,S/M
188,135,XXL/XXXL,XL/XXL
183,102,XL/XXL,M/L
166,64,S/M,XXS/XS
183,83,L/XL,S/M
184,88,L/XL,S/M
175,85,L/XL,S/M
186,87,L/XL,S/M
181,103,XL/XXL,M/L
177,90,L/XL,S/M
181,69,M/L,XS/S
179,77,L/XL,S/M
182,77,L/XL,S/M
180,86,L/XL,S/M
187,100,XL/XXL,M/L
164,62,S/M,XXS/XS
176,69,M/L,XS/S
173,66,M/L,XS/S
179,112,XXL/XXXL,L/XL
175,79,L/XL,S/M
174,73,M/L,XS/S
177,75,M/L,XS/S
172,71,M/L,XS/S
169,91,L/XL,S/M
174,93,L/XL,S/M
172,76,L/XL,S/M
177,77,L/XL,S/M
172,79,L/XL,S/M
165,78,L/XL,S/M
165,76,L/XL,S/M
169,75,M/L,XS/S
176,98,XL/XXL,M/L
171,85,L/XL,S/M
176,86,L/XL,S/M
174,101,XL/XXL,M/L
174,124,XXL/XXXL,XL/XXL
180,101,XL/XXL,M/L
178,113,XXL/XXXL,L/XL
170,89,L/XL,S/M
195,117,XXL/XXXL,L/XL
182,126,XXL/XXXL,XL/XXL
181,105,XL/XXL,M/L
176,72,M/L,XS/S
161,66,M/L,XS/S
161,74,M/L,XS/S
165,71,M/L,XS/S
179,83,L/XL,S/M
173,70,M/L,XS/S
169,90,L/XL,S/M
177,75,M/L,XS/S
179,93,L/XL,S/M
183,111,XXL/XXXL,L/XL
186,89,L/XL,S/M
166,69,M/L,XS/S
180,93,L/XL,S/M
177,68,M/L,XS/S
174,94,L/XL,S/M
185,89,L/XL,S/M
165,76,L/XL,S/M
163,79,L/XL,S/M
177,109,XL/XXL,M/L
176,97,XL/XXL,M/L
175,89,L/XL,S/M
178,76,L/XL,S/M
174,75,M/L,XS/S
162,71,M/L,XS/S
171,82,L/XL,S/M
165,95,L/XL,S/M
178,86,L/XL,S/M
175,76,L/XL,S/M
176,77,L/XL,S/M
179,94,L/XL,S/M
172,70,M/L,XS/S
182,92,L/XL,S/M
180,109,XL/XXL,M/L
174,66,M/L,XS/S
177,110,XL/XXL,M/L
170,89,L/XL,S/M
162,65,S/M,XXS/XS
171,63,S/M,XXS/XS
173,77,L/XL,S/M
180,95,L/XL,S/M
180,69,M/L,XS/S
182,94,L/XL,S/M
175,64,S/M,XXS/XS
184,101,XL/XXL,M/L
184,76,L/XL,S/M
185,90,L/XL,S/M
160,68,M/L,XS/S
168,60,S/M,XXS/XS
165,70,M/L,XS/S
173,59,S/M,XXS/XS
171,70,M/L,XS/S
168,70,M/L,XS/S
172,89,L/XL,S/M
166,80,L/XL,S/M
176,92,L/XL,S/M
169,97,XL/XXL,M/L
179,86,L/XL,S/M
173,77,L/XL,S/M
160,76,L/XL,S/M
183,84,L/XL,S/M
179,87,L/XL,S/M
170,90,L/XL,S/M
184,84,L/XL,S/M
179,101,XL/XXL,M/L
164,82,L/XL,S/M
174,84,L/XL,S/M
179,95,L/XL,S/M
197,120,XXL/XXXL,L/XL
171,78,L/XL,S/M
169,63,S/M,XXS/XS
160,85,L/XL,S/M
185,130,XXL/XXXL,XL/XXL
161,69,M/L,XS/S
172,99,XL/XXL,M/L
172,113,XXL/XXXL,L/XL
176,81,L/XL,S/M
166,58,S/M,XXS/XS
177,100,XL/XXL,M/L
170,72,M/L,XS/S
169,77,L/XL,S/M
172,79,L/XL,S/M
177,104,XL/XXL,M/L
168,86,L/XL,S/M
175,94,L/XL,S/M
174,85,L/XL,S/M
168,82,L/XL,S/M
172,87,L/XL,S/M
184,72,L/XL,S/M
175,99,XL/XXL,M/L
176,76,L/XL,S/M
178,120,XXL/XXXL,L/XL
163,69,M/L,XS/S
169,89,L/XL,S/M
175,90,L/XL,S/M
170,67,M/L,XS/S
171,81,L/XL,S/M
175,75,M/L,XS/S
183,86,L/XL,S/M
182,97,XL/XXL,M/L
176,85,L/XL,S/M
165,80,L/XL,S/M
176,74,M/L,XS/S
172,81,L/XL,S/M
173,69,M/L,XS/S
164,64,S/M,XXS/XS
174,73,M/L,XS/S
167,73,M/L,XS/S
169,77,L/XL,S/M
177,86,L/XL,S/M
174,101,XL/XXL,M/L
169,80,L/XL,S/M
178,84,L/XL,S/M
182,80,L/XL,S/M
181,120,XXL/XXXL,L/XL
192,96,XXL/XXXL,L/XL
180,67,M/L,XS/S
173,88,L/XL,S/M
171,78,L/XL,S/M
172,61,S/M,XXS/XS
170,75,M/L,XS/S
177,65,S/M,XXS/XS
189,68,XL/XXL,M/L
182,86,L/XL,S/M
177,74,M/L,XS/S
176,77,L/XL,S/M
180,72,M/L,XS/S
173,64,S/M,XXS/XS
181,84,L/XL,S/M
182,73,M/L,XS/S
176,95,L/XL,S/M
174,121,XXL/XXXL,XL/XXL
180,84,L/XL,S/M
183,89,L/XL,S/M
181,115,XXL/XXXL,L/XL
173,85,L/XL,S/M
171,67,M/L,XS/S
166,89,L/XL,S/M
167,97,XL/XXL,M/L
176,82,L/XL,S/M
176,83,L/XL,S/M
175,86,L/XL,S/M
173,76,L/XL,S/M
161,80,L/XL,S/M
176,68,M/L,XS/S
164,69,M/L,XS/S
166,79,L/XL,S/M
186,99,XL/XXL,M/L
168,86,L/XL,S/M
186,80,L/XL,S/M
172,98,XL/XXL,M/L
170,86,L/XL,S/M
172,76,L/XL,S/M
185,71,L/XL,S/M
165,72,M/L,XS/S
182,126,XXL/XXXL,XL/XXL
170,81,L/XL,S/M
172,87,L/XL,S/M
172,80,L/XL,S/M
183,112,XXL/XXXL,L/XL
178,72,M/L,XS/S
163,77,L/XL,S/M
168,63,S/M,XXS/XS
172,81,L/XL,S/M
175,101,XL/XXL,M/L
163,93,L/XL,S/M
168,95,L/XL,S/M
181,107,XL/XXL,M/L
177,82,L/XL,S/M
179,81,L/XL,S/M
181,104,XL/XXL,M/L
176,90,L/XL,S/M
166,92,L/XL,S/M
168,77,L/XL,S/M
171,76,L/XL,S/M
178,70,M/L,XS/S
175,87,L/XL,S/M
167,72,M/L,XS/S
164,71,M/L,XS/S
183,71,L/XL,S/M
173,75,M/L,XS/S
168,81,L/XL,S/M
182,108,XL/XXL,M/L
171,93,L/XL,S/M
170,83,L/XL,S/M
178,119,XXL/XXXL,L/XL
179,100,XL/XXL,M/L
180,99,XL/XXL,M/L
172,92,L/XL,S/M
166,91,L/XL,S/M
168,78,L/XL,S/M
176,78,L/XL,S/M
162,66,M/L,XS/S
168,64,S/M,XXS/XS
175,91,L/XL,S/M
185,85,L/XL,S/M
162,64,S/M,XXS/XS
172,77,L/XL,S/M
177,114,XXL/XXXL,L/XL
178,59,S/M,XXS/XS
166,55,XS/S,XXS
171,85,L/XL,S/M
181,114,XXL/XXXL,L/XL
187,107,XL/XXL,M/L
165,81,L/XL,S/M
175,83,L/XL,S/M
171,87,L/XL,S/M
184,73,L/XL,S/M
186,73,L/XL,S/M
196,87,XXL/XXXL,L/XL
178,123,XXL/XXXL,XL/XXL
168,68,M/L,XS/S
170,91,L/XL,S/M
173,78,L/XL,S/M
178,78,L/XL,S/M
164,69,M/L,XS/S
169,63,S/M,XXS/XS
167,80,L/XL,S/M
181,74,M/L,XS/S
171,72,M/L,XS/S
180,84,L/XL,S/M
174,75,M/L,XS/S
179,76,L/XL,S/M
168,117,XXL/XXXL,L/XL
185,83,L/XL,S/M
181,64,M/L,XS/S
176,79,L/XL,S/M
169,91,L/XL,S/M
175,74,M/L,XS/S
179,81,L/XL,S/M
176,118,XXL/XXXL,L/XL
167,69,M/L,XS/S
181,107,XL/XXL,M/L
172,109,XL/XXL,M/L
176,92,L/XL,S/M
189,102,XL/XXL,M/L
186,119,XXL/XXXL,L/XL
188,88,XL/XXL,M/L
174,63,S/M,XXS/XS
179,84,L/XL,S/M
177,99,XL/XXL,M/L
178,67,M/L,XS/S
174,104,XL/XXL,M/L
197,92,XXL/XXXL,L/XL
174,82,L/XL,S/M
179,89,L/XL,S/M
163,85,L/XL,S/M
173,60,S/M,XXS/XS
166,120,XXL/XXXL,L/XL
178,81,L/XL,S/M
174,78,L/XL,S/M
174,90,L/XL,S/M
166,81,L/XL,S/M
178,87,L/XL,S/M
175,84,L/XL,S/M
169,86,L/XL,S/M
179,110,XL/XXL,M/L
173,97,XL/XXL,M/L
183,103,XL/XXL,M/L
174,77,L/XL,S/M
175,71,M/L,XS/S
177,88,L/XL,S/M
180,59,M/L,XS/S
162,60,S/M,XXS/XS
174,79,L/XL,S/M
180,78,L/XL,S/M
178,102,XL/XXL,M/L
175,95,L/XL,S/M
165,62,S/M,XXS/XS
184,76,L/XL,S/M
178,68,M/L,XS/S
177,92,L/XL,S/M
166,67,M/L,XS/S
169,71,M/L,XS/S
160,78,L/XL,S/M
188,73,XL/XXL,M/L
169,73,M/L,XS/S
181,72,M/L,XS/S
178,85,L/XL,S/M
179,70,M/L,XS/S
182,76,L/XL,S/M
167,71,M/L,XS/S
171,96,XL/XXL,M/L
177,88,L/XL,S/M
179,76,L/XL,S/M
172,97,XL/XXL,M/L
178,84,L/XL,S/M
168,73,M/L,XS/S
174,80,L/XL,S/M
170,70,M/L,XS/S
177,88,L/XL,S/M
168,71,M/L,XS/S
184,101,XL/XXL,M/L
164,77,L/XL,S/M
176,108,XL/XXL,M/L
180,96,XL/XXL,M/L
173,86,L/XL,S/M
180,73,M/L,XS/S
172,74,M/L,XS/S
177,93,L/XL,S/M
179,76,L/XL,S/M
170,80,L/XL,S/M
169,79,L/XL,S/M
180,104,XL/XXL,M/L
166,78,L/XL,S/M
177,79,L/XL,S/M
163,77,L/XL,S/M
182,76,L/XL,S/M
172,80,L/XL,S/M
164,69,M/L,XS/S
157,69,M/L,XS/S
165,72,M/L,XS/S
174,59,S/M,XXS/XS
176,87,L/XL,S/M
194,101,XXL/XXXL,L/XL
176,87,L/XL,S/M
172,77,L/XL,S/M
182,114,XXL/XXXL,L/XL
175,88,L/XL,S/M
178,103,XL/XXL,M/L
167,98,XL/XXL,M/L
178,99,XL/XXL,M/L
179,88,L/XL,S/M
172,78,L/XL,S/M
179,75,M/L,XS/S
167,75,M/L,XS/S
175,93,L/XL,S/M
174,82,L/XL,S/M
169,78,L/XL,S/M
179,87,L/XL,S/M
169,79,L/XL,S/M
167,63,S/M,XXS/XS
173,82,L/XL,S/M
181,72,M/L,XS/S
170,96,XL/XXL,M/L
174,97,XL/XXL,M/L
180,81,L/XL,S/M
171,94,L/XL,S/M
173,77,L/XL,S/M
169,68,M/L,XS/S
169,79,L/XL,S/M
182,71,M/L,XS/S
174,84,L/XL,S/M
175,64,S/M,XXS/XS
182,94,L/XL,S/M
170,66,M/L,XS/S
172,82,L/XL,S/M
185,76,L/XL,S/M
165,81,L/XL,S/M
170,83,L/XL,S/M
179,76,L/XL,S/M
170,69,M/L,XS/S
167,69,M/L,XS/S
173,95,L/XL,S/M
173,83,L/XL,S/M
170,93,L/XL,S/M
168,90,L/XL,S/M
180,64,M/L,XS/S
172,78,L/XL,S/M
172,111,XXL/XXXL,L/XL
178,83,L/XL,S/M
161,66,M/L,XS/S
172,78,L/XL,S/M
182,82,L/XL,S/M
165,92,L/XL,S/M
180,74,M/L,XS/S
178,71,M/L,XS/S
177,83,L/XL,S/M
167,72,M/L,XS/S
164,64,S/M,XXS/XS
185,76,L/XL,S/M
171,74,M/L,XS/S
178,63,S/M,XXS/XS
173,77,L/XL,S/M
162,53,XS/S,XXS
167,77,L/XL,S/M
167,84,L/XL,S/M
169,96,XL/XXL,M/L
162,76,L/XL,S/M
176,80,L/XL,S/M
168,104,XL/XXL,M/L
170,66,M/L,XS/S
181,86,L/XL,S/M
183,100,XL/XXL,M/L
166,75,M/L,XS/S
180,88,L/XL,S/M
179,90,L/XL,S/M
167,73,M/L,XS/S
183,93,L/XL,S/M
172,76,L/XL,S/M
175,88,L/XL,S/M
181,78,L/XL,S/M
183,96,XL/XXL,M/L
169,65,S/M,XXS/XS
174,71,M/L,XS/S
187,86,XL/XXL,M/L
187,85,XL/XXL,M/L
173,81,L/XL,S/M
185,100,XL/XXL,M/L
166,78,L/XL,S/M
185,75,L/XL,S/M
168,56,S/M,XXS/XS
179,108,XL/XXL,M/L
177,93,L/XL,S/M
182,101,XL/XXL,M/L
173,75,M/L,XS/S
167,73,M/L,XS/S
171,75,M/L,XS/S
170,79,L/XL,S/M
177,74,M/L,XS/S
170,86,L/XL,S/M
183,79,L/XL,S/M
175,75,M/L,XS/S
179,90,L/XL,S/M
168,67,M/L,XS/S
168,90,L/XL,S/M
175,114,XXL/XXXL,L/XL
168,78,L/XL,S/M
175,75,M/L,XS/S
171,95,L/XL,S/M
174,97,XL/XXL,M/L
195,106,XXL/XXXL,L/XL
180,83,L/XL,S/M
177,69,M/L,XS/S
177,66,M/L,XS/S
176,78,L/XL,S/M
165,72,M/L,XS/S
158,73,M/L,XS/S
168,62,S/M,XXS/XS
181,89,L/XL,S/M
183,93,L/XL,S/M
172,87,L/XL,S/M
167,78,L/XL,S/M
173,79,L/XL,S/M
181,65,M/L,XS/S
183,90,L/XL,S/M
176,76,L/XL,S/M
179,79,L/XL,S/M
182,77,L/XL,S/M
171,69,M/L,XS/S
174,76,L/XL,S/M
176,76,L/XL,S/M
176,79,L/XL,S/M
164,63,S/M,XXS/XS
171,90,L/XL,S/M
175,72,M/L,XS/S
163,64,S/M,XXS/XS
170,74,M/L,XS/S
182,112,XXL/XXXL,L/XL
176,77,L/XL,S/M
180,76,L/XL,S/M
177,96,XL/XXL,M/L
179,91,L/XL,S/M
175,84,L/XL,S/M
167,75,M/L,XS/S
181,80,L/XL,S/M
174,92,L/XL,S/M
173,74,M/L,XS/S
174,82,L/XL,S/M
177,82,L/XL,S/M
173,73,M/L,XS/S
174,76,L/XL,S/M
167,75,M/L,XS/S
161,74,M/L,XS/S
172,79,L/XL,S/M
170,79,L/XL,S/M
163,81,L/XL,S/M
171,86,L/XL,S/M
182,68,M/L,XS/S
173,87,L/XL,S/M
183,86,L/XL,S/M
163,70,M/L,XS/S
185,87,L/XL,S/M
184,120,XXL/XXXL,L/XL
172,76,L/XL,S/M
171,68,M/L,XS/S
175,65,S/M,XXS/XS
171,86,L/XL,S/M
171,62,S/M,XXS/XS
171,65,S/M,XXS/XS
171,83,L/XL,S/M
169,56,S/M,XXS/XS
176,84,L/XL,S/M
190,93,XL/XXL,M/L
171,76,L/XL,S/M
180,82,L/XL,S/M
183,88,L/XL,S/M
180,94,L/XL,S/M
168,81,L/XL,S/M
179,82,L/XL,S/M
180,89,L/XL,S/M
178,64,S/M,XXS/XS
183,93,L/XL,S/M
174,114,XXL/XXXL,L/XL
174,89,L/XL,S/M
178,74,M/L,XS/S
172,99,XL/XXL,M/L
174,68,M/L,XS/S
180,74,M/L,XS/S
178,80,L/XL,S/M
182,95,L/XL,S/M
183,112,XXL/XXXL,L/XL
180,91,L/XL,S/M
181,111,XXL/XXXL,L/XL
161,60,S/M,XXS/XS
165,63,S/M,XXS/XS
177,81,L/XL,S/M
173,86,L/XL,S/M
183,120,XXL/XXXL,L/XL
170,90,L/XL,S/M
167,81,L/XL,S/M
174,75,M/L,XS/S
180,86,L/XL,S/M
183,89,L/XL,S/M
177,69,M/L,XS/S
169,86,L/XL,S/M
177,106,XL/XXL,M/L
170,89,L/XL,S/M
173,79,L/XL,S/M
165,83,L/XL,S/M
179,81,L/XL,S/M
179,97,XL/XXL,M/L
187,73,XL/XXL,M/L
158,58,S/M,XXS/XS
175,70,M/L,XS/S
179,71,M/L,XS/S
172,76,L/XL,S/M
186,70,L/XL,S/M
166,71,M/L,XS/S
180,84,L/XL,S/M
183,79,L/XL,S/M
169,69,M/L,XS/S
177,74,M/L,XS/S
169,61,S/M,XXS/XS
171,63,S/M,XXS/XS
165,67,M/L,XS/S
171,76,L/XL,S/M
171,81,L/XL,S/M
171,77,L/XL,S/M
175,86,L/XL,S/M
166,56,S/M,XXS/XS
172,93,L/XL,S/M
166,64,S/M,XXS/XS
167,77,L/XL,S/M
186,75,L/XL,S/M
168,71,M/L,XS/S
155,63,S/M,XXS/XS
179,88,L/XL,S/M
168,69,M/L,XS/S
168,72,M/L,XS/S
181,76,L/XL,S/M
179,109,XL/XXL,M/L
180,71,M/L,XS/S
176,90,L/XL,S/M
173,77,L/XL,S/M
168,68,M/L,XS/S
167,56,S/M,XXS/XS
178,78,L/XL,S/M
169,70,M/L,XS/S
183,95,L/XL,S/M
169,61,S/M,XXS/XS
181,75,M/L,XS/S
166,73,M/L,XS/S
168,78,L/XL,S/M
186,91,L/XL,S/M
163,66,M/L,XS/S
171,69,M/L,XS/S
180,100,XL/XXL,M/L
162,70,M/L,XS/S
174,77,L/XL,S/M
180,81,L/XL,S/M
167,88,L/XL,S/M
176,82,L/XL,S/M
187,76,XL/XXL,M/L
173,94,L/XL,S/M
175,79,L/XL,S/M
183,91,L/XL,S/M
180,82,L/XL,S/M
172,76,L/XL,S/M
178,82,L/XL,S/M
177,70,M/L,XS/S
169,60,S/M,XXS/XS
172,69,M/L,XS/S
184,77,L/XL,S/M
179,88,L/XL,S/M
177,79,L/XL,S/M
182,84,L/XL,S/M
168,70,M/L,XS/S
172,88,L/XL,S/M
178,109,XL/XXL,M/L
178,75,M/L,XS/S
181,82,L/XL,S/M
178,89,L/XL,S/M
174,77,L/XL,S/M
183,71,L/XL,S/M
165,68,M/L,XS/S
181,88,L/XL,S/M
174,73,M/L,XS/S
174,79,L/XL,S/M
179,81,L/XL,S/M
174,81,L/XL,S/M
180,83,L/XL,S/M
169,72,M/L,XS/S
179,67,M/L,XS/S
170,66,M/L,XS/S
174,74,M/L,XS/S
167,60,S/M,XXS/XS
173,82,L/XL,S/M
178,74,M/L,XS/S
185,107,XL/XXL,M/L
183,86,L/XL,S/M
190,93,XL/XXL,M/L
174,72,M/L,XS/S
173,67,M/L,XS/S
174,86,L/XL,S/M
180,72,M/L,XS/S
171,77,L/XL,S/M
149,47,XS/S,XXS
176,76,L/XL,S/M
176,89,L/XL,S/M
177,70,M/L,XS/S
176,75,M/L,XS/S
174,84,L/XL,S/M
176,62,S/M,XXS/XS
165,63,S/M,XXS/XS
185,89,L/XL,S/M
176,67,M/L,XS/S
179,72,M/L,XS/S
165,68,M/L,XS/S
176,73,M/L,XS/S
178,76,L/XL,S/M
176,81,L/XL,S/M
170,82,L/XL,S/M
171,68,M/L,XS/S
177,88,L/XL,S/M
168,79,L/XL,S/M
178,85,L/XL,S/M
168,66,M/L,XS/S
180,72,M/L,XS/S
165,69,M/L,XS/S
167,88,L/XL,S/M
160,70,M/L,XS/S
167,66,M/L,XS/S
176,78,L/XL,S/M
186,97,XL/XXL,M/L
180,83,L/XL,S/M
174,81,L/XL,S/M
171,81,L/XL,S/M
174,68,M/L,XS/S
174,85,L/XL,S/M
177,72,M/L,XS/S
185,93,L/XL,S/M
185,72,L/XL,S/M
191,111,XXL/XXXL,L/XL
184,113,XXL/XXXL,L/XL
175,78,L/XL,S/M
176,67,M/L,XS/S
180,94,L/XL,S/M
181,90,L/XL,S/M
164,60,S/M,XXS/XS
176,82,L/XL,S/M
177,88,L/XL,S/M
177,78,L/XL,S/M
171,71,M/L,XS/S
179,77,L/XL,S/M
186,80,L/XL,S/M
169,77,L/XL,S/M
179,93,L/XL,S/M
183,96,XL/XXL,M/L
172,81,L/XL,S/M
181,94,L/XL,S/M
178,83,L/XL,S/M
174,82,L/XL,S/M
174,92,L/XL,S/M
179,103,XL/XXL,M/L
178,76,L/XL,S/M
172,66,M/L,XS/S
186,97,XL/XXL,M/L
168,61,S/M,XXS/XS
175,72,M/L,XS/S
162,65,S/M,XXS/XS
162,68,M/L,XS/S
179,69,M/L,XS/S
158,73,M/L,XS/S
173,73,M/L,XS/S
180,86,L/XL,S/M
179,78,L/XL,S/M
162,78,L/XL,S/M
170,105,XL/XXL,M/L
167,86,L/XL,S/M
175,83,L/XL,S/M
179,95,L/XL,S/M
184,75,L/XL,S/M
174,84,L/XL,S/M
166,77,L/XL,S/M
168,72,M/L,XS/S
184,80,L/XL,S/M
189,97,XL/XXL,M/L
192,100,XXL/XXXL,L/XL
171,105,XL/XXL,M/L
179,95,L/XL,S/M
169,95,L/XL,S/M
177,120,XXL/XXXL,L/XL
180,87,L/XL,S/M
172,94,L/XL,S/M
167,83,L/XL,S/M
171,86,L/XL,S/M
181,100,XL/XXL,M/L
173,79,L/XL,S/M
177,81,L/XL,S/M
191,131,XXL/XXXL,XL/XXL
172,93,L/XL,S/M
166,76,L/XL,S/M
169,62,S/M,XXS/XS
177,88,L/XL,S/M
176,71,M/L,XS/S
171,88,L/XL,S/M
180,81,L/XL,S/M
170,78,L/XL,S/M
180,84,L/XL,S/M
171,54,S/M,XXS/XS
187,109,XL/XXL,M/L
177,66,M/L,XS/S
180,107,XL/XXL,M/L
182,114,XXL/XXXL,L/XL
157,54,XS/S,XXS
167,85,L/XL,S/M
185,97,XL/XXL,M/L
177,87,L/XL,S/M
182,69,M/L,XS/S
184,94,L/XL,S/M
173,62,S/M,XXS/XS
173,94,L/XL,S/M
169,73,M/L,XS/S
178,80,L/XL,S/M
175,104,XL/XXL,M/L
173,106,XL/XXL,M/L
170,82,L/XL,S/M
175,71,M/L,XS/S
176,90,L/XL,S/M
180,87,L/XL,S/M
174,112,XXL/XXXL,L/XL
182,106,XL/XXL,M/L
180,67,M/L,XS/S
177,89,L/XL,S/M
179,78,L/XL,S/M
173,71,M/L,XS/S
174,77,L/XL,S/M
167,74,M/L,XS/S
164,69,M/L,XS/S
186,80,L/XL,S/M
177,77,L/XL,S/M
192,92,XXL/XXXL,L/XL
177,88,L/XL,S/M
181,75,M/L,XS/S
171,93,L/XL,S/M
174,92,L/XL,S/M
174,88,L/XL,S/M
178,66,M/L,XS/S
176,91,L/XL,S/M
170,80,L/XL,S/M
172,62,S/M,XXS/XS
176,79,L/XL,S/M
163,63,S/M,XXS/XS
171,60,S/M,XXS/XS
183,121,XXL/XXXL,XL/XXL
170,85,L/XL,S/M
177,74,M/L,XS/S
184,111,XXL/XXXL,L/XL
180,91,L/XL,S/M
180,107,XL/XXL,M/L
168,71,M/L,XS/S
183,90,L/XL,S/M
172,82,L/XL,S/M
180,86,L/XL,S/M
186,86,L/XL,S/M
172,77,L/XL,S/M
181,80,L/XL,S/M
166,72,M/L,XS/S
170,66,M/L,XS/S
168,68,M/L,XS/S
185,107,XL/XXL,M/L
162,74,M/L,XS/S
185,79,L/XL,S/M
175,105,XL/XXL,M/L
175,66,M/L,XS/S
173,90,L/XL,S/M
173,58,S/M,XXS/XS
163,68,M/L,XS/S
177,109,XL/XXL,M/L
160,57,S/M,XXS/XS
165,92,L/XL,S/M
189,81,XL/XXL,M/L
183,91,L/XL,S/M
171,85,L/XL,S/M
169,92,L/XL,S/M
191,144,XXL/XXXL,XL/XXL
181,73,M/L,XS/S
179,106,XL/XXL,M/L
178,104,XL/XXL,M/L
172,66,M/L,XS/S
168,62,S/M,XXS/XS
186,102,XL/XXL,M/L
176,69,M/L,XS/S
195,93,XXL/XXXL,L/XL
175,79,L/XL,S/M
176,89,L/XL,S/M
185,72,L/XL,S/M
166,69,M/L,XS/S
185,114,XXL/XXXL,L/XL
178,99,XL/XXL,M/L
171,88,L/XL,S/M
175,89,L/XL,S/M
165,84,L/XL,S/M
168,80,L/XL,S/M
168,76,L/XL,S/M
167,91,L/XL,S/M
181,67,M/L,XS/S
178,85,L/XL,S/M
167,68,M/L,XS/S
176,88,L/XL,S/M
173,70,M/L,XS/S
170,74,M/L,XS/S
181,98,XL/XXL,M/L
182,90,L/XL,S/M
181,85,L/XL,S/M
177,85,L/XL,S/M
174,68,M/L,XS/S
178,106,XL/XXL,M/L
171,104,XL/XXL,M/L
176,96,XL/XXL,M/L
173,90,L/XL,S/M
181,93,L/XL,S/M
183,92,L/XL,S/M
166,87,L/XL,S/M
178,76,L/XL,S/M
175,89,L/XL,S/M
177,96,XL/XXL,M/L
174,94,L/XL,S/M
184,66,L/XL,S/M
178,75,M/L,XS/S
173,93,L/XL,S/M
189,95,XL/XXL,M/L
165,82,L/XL,S/M
176,105,XL/XXL,M/L
183,74,L/XL,S/M
171,84,L/XL,S/M
165,84,L/XL,S/M
183,92,L/XL,S/M
181,92,L/XL,S/M
172,75,M/L,XS/S
164,73,M/L,XS/S
172,81,L/XL,S/M
176,87,L/XL,S/M
178,77,L/XL,S/M
171,86,L/XL,S/M
183,85,L/XL,S/M
175,96,XL/XXL,M/L
175,81,L/XL,S/M
168,85,L/XL,S/M
180,87,L/XL,S/M
176,88,L/XL,S/M
174,71,M/L,XS/S
176,83,L/XL,S/M
170,74,M/L,XS/S
184,83,L/XL,S/M
185,115,XXL/XXXL,L/XL
175,79,L/XL,S/M
185,86,L/XL,S/M
176,75,M/L,XS/S
175,82,L/XL,S/M
176,83,L/XL,S/M
180,93,L/XL,S/M
176,87,L/XL,S/M
175,81,L/XL,S/M
183,106,XL/XXL,M/L
172,73,M/L,XS/S
171,81,L/XL,S/M
171,90,L/XL,S/M
181,87,L/XL,S/M
178,90,L/XL,S/M
166,66,M/L,XS/S
175,74,M/L,XS/S
197,109,XXL/XXXL,L/XL
169,66,M/L,XS/S
181,99,XL/XXL,M/L
166,76,L/XL,S/M
156,61,S/M,XXS/XS
168,79,L/XL,S/M
177,98,XL/XXL,M/L
180,77,L/XL,S/M
178,87,L/XL,S/M
175,92,L/XL,S/M
172,80,L/XL,S/M
176,88,L/XL,S/M
185,83,L/XL,S/M
181,81,L/XL,S/M
177,93,L/XL,S/M
173,61,S/M,XXS/XS
170,77,L/XL,S/M
180,90,L/XL,S/M
175,66,M/L,XS/S
177,109,XL/XXL,M/L
175,95,L/XL,S/M
178,87,L/XL,S/M
176,99,XL/XXL,M/L
176,60,S/M,XXS/XS
168,79,L/XL,S/M
185,79,L/XL,S/M
176,77,L/XL,S/M
179,92,L/XL,S/M
167,80,L/XL,S/M
173,96,XL/XXL,M/L
173,77,L/XL,S/M
157,56,S/M,XXS/XS
170,72,M/L,XS/S
186,103,XL/XXL,M/L
182,71,M/L,XS/S
181,94,L/XL,S/M
185,102,XL/XXL,M/L
180,93,L/XL,S/M
193,100,XXL/XXXL,L/XL
177,68,M/L,XS/S
180,94,L/XL,S/M
167,69,M/L,XS/S
194,112,XXL/XXXL,L/XL
184,93,L/XL,S/M
176,93,L/XL,S/M
187,97,XL/XXL,M/L
172,91,L/XL,S/M
176,85,L/XL,S/M
167,54,XS/S,XXS
176,94,L/XL,S/M
172,85,L/XL,S/M
171,91,L/XL,S/M
178,83,L/XL,S/M
165,89,L/XL,S/M
180,98,XL/XXL,M/L
174,80,L/XL,S/M
171,94,L/XL,S/M
180,100,XL/XXL,M/L
171,89,L/XL,S/M
179,64,M/L,XS/S
173,62,S/M,XXS/XS
161,76,L/XL,S/M
174,62,S/M,XXS/XS
181,85,L/XL,S/M
174,85,L/XL,S/M
174,88,L/XL,S/M
166,76,L/XL,S/M
157,62,S/M,XXS/XS
170,75,M/L,XS/S
164,81,L/XL,S/M
182,95,L/XL,S/M
180,76,L/XL,S/M
181,82,L/XL,S/M
171,82,L/XL,S/M
180,110,XL/XXL,M/L
181,77,L/XL,S/M
164,80,L/XL,S/M
185,109,XL/XXL,M/L
176,105,XL/XXL,M/L
174,104,XL/XXL,M/L
173,84,L/XL,S/M
187,122,XXL/XXXL,XL/XXL
187,100,XL/XXL,M/L
178,83,L/XL,S/M
176,69,M/L,XS/S
179,100,XL/XXL,M/L
178,94,L/XL,S/M
170,83,L/XL,S/M
176,114,XXL/XXXL,L/XL
183,83,L/XL,S/M
163,94,L/XL,S/M
180,86,L/XL,S/M
173,93,L/XL,S/M
175,96,XL/XXL,M/L
174,100,XL/XXL,M/L
170,92,L/XL,S/M
173,102,XL/XXL,M/L
164,94,L/XL,S/M
176,95,L/XL,S/M
183,113,XXL/XXXL,L/XL
162,73,M/L,XS/S
174,74,M/L,XS/S
172,76,L/XL,S/M
180,84,L/XL,S/M
181,88,L/XL,S/M
187,72,XL/XXL,M/L
186,82,L/XL,S/M
180,82,L/XL,S/M
179,91,L/XL,S/M
180,106,XL/XXL,M/L
184,80,L/XL,S/M
199,94,XXL/XXXL,L/XL
184,95,L/XL,S/M
169,71,M/L,XS/S
167,57,S/M,XXS/XS
187,80,XL/XXL,M/L
173,77,L/XL,S/M
178,93,L/XL,S/M
167,96,XL/XXL,M/L
172,82,L/XL,S/M
186,88,L/XL,S/M
184,95,L/XL,S/M
177,59,S/M,XXS/XS
166,79,L/XL,S/M
178,68,M/L,XS/S
177,86,L/XL,S/M
176,80,L/XL,S/M
173,72,M/L,XS/S
189,102,XL/XXL,M/L
192,101,XXL/XXXL,L/XL
179,83,L/XL,S/M
173,78,L/XL,S/M
178,106,XL/XXL,M/L
180,80,L/XL,S/M
163,79,L/XL,S/M
178,60,S/M,XXS/XS
168,65,S/M,XXS/XS
169,74,M/L,XS/S
170,68,M/L,XS/S
173,83,L/XL,S/M
186,102,XL/XXL,M/L
169,82,L/XL,S/M
179,89,L/XL,S/M
176,94,L/XL,S/M
162,70,M/L,XS/S
186,122,XXL/XXXL,XL/XXL
189,95,XL/XXL,M/L
164,72,M/L,XS/S
178,100,XL/XXL,M/L
180,88,L/XL,S/M
184,110,XL/XXL,M/L
167,70,M/L,XS/S
177,86,L/XL,S/M
166,78,L/XL,S/M
176,79,L/XL,S/M
175,78,L/XL,S/M
169,53,XS/S,XXS
176,67,M/L,XS/S
167,84,L/XL,S/M
179,90,L/XL,S/M
164,75,M/L,XS/S
185,62,L/XL,S/M
170,55,S/M,XXS/XS
181,96,XL/XXL,M/L
168,75,M/L,XS/S
175,93,L/XL,S/M
189,105,XL/XXL,M/L
173,63,S/M,XXS/XS
168,70,M/L,XS/S
190,123,XXL/XXXL,XL/XXL
183,71,L/XL,S/M
166,85,L/XL,S/M
182,93,L/XL,S/M
180,80,L/XL,S/M
174,84,L/XL,S/M
177,68,M/L,XS/S
167,82,L/XL,S/M
172,92,L/XL,S/M
168,80,L/XL,S/M
185,81,L/XL,S/M
186,87,L/XL,S/M
179,79,L/XL,S/M
184,99,XL/XXL,M/L
181,82,L/XL,S/M
195,110,XXL/XXXL,L/XL
175,103,XL/XXL,M/L
171,78,L/XL,S/M
171,71,M/L,XS/S
167,87,L/XL,S/M
173,79,L/XL,S/M
178,80,L/XL,S/M
169,89,L/XL,S/M
172,72,M/L,XS/S
165,91,L/XL,S/M
169,78,L/XL,S/M
179,87,L/XL,S/M
174,89,L/XL,S/M
176,88,L/XL,S/M
184,100,XL/XXL,M/L
179,107,XL/XXL,M/L
167,77,L/XL,S/M
174,77,L/XL,S/M
175,67,M/L,XS/S
167,51,XS/S,XXS
176,88,L/XL,S/M
166,64,S/M,XXS/XS
185,94,L/XL,S/M
167,71,M/L,XS/S
169,74,M/L,XS/S
180,80,L/XL,S/M
179,74,M/L,XS/S
171,61,S/M,XXS/XS
167,65,S/M,XXS/XS
174,82,L/XL,S/M
176,75,M/L,XS/S
180,85,L/XL,S/M
177,93,L/XL,S/M
164,76,L/XL,S/M
171,72,M/L,XS/S
168,70,M/L,XS/S
172,78,L/XL,S/M
167,99,XL/XXL,M/L
183,93,L/XL,S/M
173,65,S/M,XXS/XS
180,84,L/XL,S/M
172,80,L/XL,S/M
169,95,L/XL,S/M
180,83,L/XL,S/M
182,91,L/XL,S/M
176,108,XL/XXL,M/L
181,92,L/XL,S/M
178,104,XL/XXL,M/L
180,62,M/L,XS/S
172,80,L/XL,S/M
174,86,L/XL,S/M
187,94,XL/XXL,M/L
169,67,M/L,XS/S
176,74,M/L,XS/S
179,101,XL/XXL,M/L
173,85,L/XL,S/M
169,78,L/XL,S/M
178,100,XL/XXL,M/L
182,68,M/L,XS/S
182,87,L/XL,S/M
174,85,L/XL,S/M
180,90,L/XL,S/M
176,95,L/XL,S/M
168,75,M/L,XS/S
166,81,L/XL,S/M
166,59,S/M,XXS/XS
166,73,M/L,XS/S
172,80,L/XL,S/M
177,76,L/XL,S/M
172,66,M/L,XS/S
178,96,XL/XXL,M/L
189,79,XL/XXL,M/L
179,70,M/L,XS/S
176,107,XL/XXL,M/L
183,95,L/XL,S/M
164,95,L/XL,S/M
168,98,XL/XXL,M/L
182,67,M/L,XS/S
179,79,L/XL,S/M
170,91,L/XL,S/M
175,87,L/XL,S/M
179,78,L/XL,S/M
185,84,L/XL,S/M
167,60,S/M,XXS/XS
174,88,L/XL,S/M
180,94,L/XL,S/M
162,70,M/L,XS/S
175,86,L/XL,S/M
174,74,M/L,XS/S
171,94,L/XL,S/M
169,88,L/XL,S/M
188,95,XL/XXL,M/L
175,60,S/M,XXS/XS
173,115,XXL/XXXL,L/XL
178,94,L/XL,S/M
171,72,M/L,XS/S
170,75,M/L,XS/S
165,66,M/L,XS/S
183,106,XL/XXL,M/L
165,108,XL/XXL,M/L
172,71,M/L,XS/S
173,99,XL/XXL,M/L
174,91,L/XL,S/M
164,94,L/XL,S/M
170,76,L/XL,S/M
163,95,L/XL,S/M
165,77,L/XL,S/M
177,84,L/XL,S/M
177,91,L/XL,S/M
177,100,XL/XXL,M/L
170,82,L/XL,S/M
178,74,M/L,XS/S
188,110,XL/XXL,M/L
168,77,L/XL,S/M
190,127,XXL/XXXL,XL/XXL
178,84,L/XL,S/M
171,79,L/XL,S/M
176,84,L/XL,S/M
171,83,L/XL,S/M
172,88,L/XL,S/M
179,88,L/XL,S/M
173,106,XL/XXL,M/L
174,90,L/XL,S/M
175,69,M/L,XS/S
183,100,XL/XXL,M/L
172,81,L/XL,S/M
179,96,XL/XXL,M/L
173,72,M/L,XS/S
166,65,S/M,XXS/XS
181,105,XL/XXL,M/L
177,95,L/XL,S/M
178,113,XXL/XXXL,L/XL
179,88,L/XL,S/M
185,83,L/XL,S/M
172,83,L/XL,S/M
170,86,L/XL,S/M
174,73,M/L,XS/S
175,76,L/XL,S/M
180,77,L/XL,S/M
174,93,L/XL,S/M
170,69,M/L,XS/S
198,101,XXL/XXXL,L/XL
174,81,L/XL,S/M
181,100,XL/XXL,M/L
171,60,S/M,XXS/XS
179,77,L/XL,S/M
168,65,S/M,XXS/XS
176,112,XXL/XXXL,L/XL
169,90,L/XL,S/M
176,81,L/XL,S/M
172,67,M/L,XS/S
184,72,L/XL,S/M
173,82,L/XL,S/M
175,93,L/XL,S/M
180,93,L/XL,S/M
180,87,L/XL,S/M
180,95,L/XL,S/M
176,75,M/L,XS/S
189,78,XL/XXL,M/L
169,92,L/XL,S/M
178,130,XXL/XXXL,XL/XXL
190,82,XL/XXL,M/L
177,109,XL/XXL,M/L
186,95,L/XL,S/M
168,63,S/M,XXS/XS
179,97,XL/XXL,M/L
168,76,L/XL,S/M
180,92,L/XL,S/M
175,108,XL/XXL,M/L
170,56,S/M,XXS/XS
174,87,L/XL,S/M
167,63,S/M,XXS/XS
162,82,L/XL,S/M
175,103,XL/XXL,M/L
177,77,L/XL,S/M
172,88,L/XL,S/M
168,105,XL/XXL,M/L
177,98,XL/XXL,M/L
193,68,XXL/XXXL,L/XL
179,85,L/XL,S/M
165,98,XL/XXL,M/L
158,68,M/L,XS/S
180,112,XXL/XXXL,L/XL
192,93,XXL/XXXL,L/XL
174,99,XL/XXL,M/L
171,105,XL/XXL,M/L
169,66,M/L,XS/S
172,75,M/L,XS/S
170,109,XL/XXL,M/L
175,67,M/L,XS/S
171,75,M/L,XS/S
181,99,XL/XXL,M/L
192,98,XXL/XXXL,L/XL
185,111,XXL/XXXL,L/XL
180,72,M/L,XS/S
166,98,XL/XXL,M/L
183,86,L/XL,S/M
181,123,XXL/XXXL,XL/XXL
170,63,S/M,XXS/XS
180,96,XL/XXL,M/L
172,77,L/XL,S/M
167,68,M/L,XS/S
177,87,L/XL,S/M
182,102,XL/XXL,M/L
176,93,L/XL,S/M
168,78,L/XL,S/M
173,91,L/XL,S/M
166,87,L/XL,S/M
167,63,S/M,XXS/XS
180,93,L/XL,S/M
184,72,L/XL,S/M
177,84,L/XL,S/M
177,87,L/XL,S/M
174,96,XL/XXL,M/L
178,99,XL/XXL,M/L
182,100,XL/XXL,M/L
169,87,L/XL,S/M
185,113,XXL/XXXL,L/XL
176,74,M/L,XS/S
163,64,S/M,XXS/XS
181,101,XL/XXL,M/L
166,68,M/L,XS/S
190,89,XL/XXL,M/L
172,82,L/XL,S/M
183,79,L/XL,S/M
184,116,XXL/XXXL,L/XL
169,94,L/XL,S/M
193,113,XXL/XXXL,L/XL
180,109,XL/XXL,M/L
165,68,M/L,XS/S
176,105,XL/XXL,M/L
181,76,L/XL,S/M
174,92,L/XL,S/M
171,82,L/XL,S/M
168,87,L/XL,S/M
184,82,L/XL,S/M
168,76,L/XL,S/M
186,89,L/XL,S/M
173,79,L/XL,S/M
165,67,M/L,XS/S
175,85,L/XL,S/M
176,75,M/L,XS/S
174,78,L/XL,S/M
176,75,M/L,XS/S
165,70,M/L,XS/S
168,59,S/M,XXS/XS
165,86,L/XL,S/M
158,55,XS/S,XXS
175,72,M/L,XS/S
178,90,L/XL,S/M
180,69,M/L,XS/S
169,95,L/XL,S/M
177,69,M/L,XS/S
179,84,L/XL,S/M
181,79,L/XL,S/M
175,70,M/L,XS/S
170,79,L/XL,S/M
175,88,L/XL,S/M
180,87,L/XL,S/M
173,87,L/XL,S/M
178,81,L/XL,S/M
177,87,L/XL,S/M
177,77,L/XL,S/M
158,65,S/M,XXS/XS
168,87,L/XL,S/M
167,70,M/L,XS/S
167,78,L/XL,S/M
169,87,L/XL,S/M
159,70,M/L,XS/S
173,82,L/XL,S/M
169,81,L/XL,S/M
170,87,L/XL,S/M
188,78,XL/XXL,M/L
170,74,M/L,XS/S
184,79,L/XL,S/M
190,94,XL/XXL,M/L
186,86,L/XL,S/M
178,88,L/XL,S/M
188,97,XL/XXL,M/L
168,93,L/XL,S/M
172,104,XL/XXL,M/L
171,76,L/XL,S/M
176,110,XL/XXL,M/L
172,99,XL/XXL,M/L
172,83,L/XL,S/M
165,68,M/L,XS/S
174,88,L/XL,S/M
171,86,L/XL,S/M
177,103,XL/XXL,M/L
173,79,L/XL,S/M
179,65,M/L,XS/S
173,83,L/XL,S/M
178,99,XL/XXL,M/L
162,96,XL/XXL,M/L
172,84,L/XL,S/M
175,73,M/L,XS/S
180,84,L/XL,S/M
177,98,XL/XXL,M/L
167,77,L/XL,S/M
177,85,L/XL,S/M
170,111,XXL/XXXL,L/XL
174,82,L/XL,S/M
182,96,XL/XXL,M/L
169,66,M/L,XS/S
168,86,L/XL,S/M
182,93,L/XL,S/M
177,112,XXL/XXXL,L/XL
175,95,L/XL,S/M
168,77,L/XL,S/M
164,72,M/L,XS/S
173,91,L/XL,S/M
175,107,XL/XXL,M/L
178,102,XL/XXL,M/L
168,79,L/XL,S/M
174,83,L/XL,S/M
178,88,L/XL,S/M
169,89,L/XL,S/M
187,99,XL/XXL,M/L
184,116,XXL/XXXL,L/XL
163,76,L/XL,S/M
183,117,XXL/XXXL,L/XL
191,108,XXL/XXXL,L/XL
177,132,XXL/XXXL,XL/XXL
182,95,L/XL,S/M
173,87,L/XL,S/M
166,82,L/XL,S/M
171,87,L/XL,S/M
181,95,L/XL,S/M
176,83,L/XL,S/M
163,67,M/L,XS/S
174,93,L/XL,S/M
174,91,L/XL,S/M
175,94,L/XL,S/M
187,96,XL/XXL,M/L
175,72,M/L,XS/S
170,66,M/L,XS/S
168,70,M/L,XS/S
171,76,L/XL,S/M
182,78,L/XL,S/M
170,120,XXL/XXXL,L/XL
184,110,XL/XXL,M/L
172,78,L/XL,S/M
169,76,L/XL,S/M
169,72,M/L,XS/S
178,82,L/XL,S/M
178,79,L/XL,S/M
171,77,L/XL,S/M
175,79,L/XL,S/M
174,68,M/L,XS/S
178,109,XL/XXL,M/L
173,85,L/XL,S/M
169,82,L/XL,S/M
187,116,XXL/XXXL,L/XL
177,77,L/XL,S/M
182,98,XL/XXL,M/L
175,84,L/XL,S/M
179,85,L/XL,S/M
167,73,M/L,XS/S
168,77,L/XL,S/M
176,75,M/L,XS/S
171,96,XL/XXL,M/L
175,86,L/XL,S/M
168,92,L/XL,S/M
180,83,L/XL,S/M
186,136,XXL/XXXL,XL/XXL
170,86,L/XL,S/M
178,78,L/XL,S/M
171,105,XL/XXL,M/L
166,69,M/L,XS/S
167,68,M/L,XS/S
170,58,S/M,XXS/XS
163,71,M/L,XS/S
169,74,M/L,XS/S
174,99,XL/XXL,M/L
168,84,L/XL,S/M
188,128,XXL/XXXL,XL/XXL
169,83,L/XL,S/M
184,88,L/XL,S/M
169,89,L/XL,S/M
181,86,L/XL,S/M
181,97,XL/XXL,M/L
172,86,L/XL,S/M
172,69,M/L,XS/S
180,88,L/XL,S/M
178,75,M/L,XS/S
169,70,M/L,XS/S
174,74,M/L,XS/S
177,92,L/XL,S/M
180,90,L/XL,S/M
189,90,XL/XXL,M/L
166,56,S/M,XXS/XS
180,133,XXL/XXXL,XL/XXL
179,87,L/XL,S/M
170,83,L/XL,S/M
180,76,L/XL,S/M
176,80,L/XL,S/M
187,112,XXL/XXXL,L/XL
168,67,M/L,XS/S
167,100,XL/XXL,M/L
168,78,L/XL,S/M
171,70,M/L,XS/S
188,79,XL/XXL,M/L
172,68,M/L,XS/S
176,74,M/L,XS/S
168,74,M/L,XS/S
173,94,L/XL,S/M
170,79,L/XL,S/M
178,87,L/XL,S/M
178,79,L/XL,S/M
177,90,L/XL,S/M
181,94,L/XL,S/M
167,93,L/XL,S/M
173,87,L/XL,S/M
160,57,S/M,XXS/XS
173,107,XL/XXL,M/L
171,79,L/XL,S/M
166,78,L/XL,S/M
181,91,L/XL,S/M
182,116,XXL/XXXL,L/XL
180,110,XL/XXL,M/L
175,96,XL/XXL,M/L
168,95,L/XL,S/M
180,105,XL/XXL,M/L
182,98,XL/XXL,M/L
175,96,XL/XXL,M/L
178,95,L/XL,S/M
178,76,L/XL,S/M
168,84,L/XL,S/M
171,95,L/XL,S/M
167,80,L/XL,S/M
167,84,L/XL,S/M
175,84,L/XL,S/M
170,84,L/XL,S/M
185,87,L/XL,S/M
167,64,S/M,XXS/XS
190,94,XL/XXL,M/L
182,92,L/XL,S/M
179,97,XL/XXL,M/L
181,81,L/XL,S/M
179,80,L/XL,S/M
172,66,M/L,XS/S
171,84,L/XL,S/M
177,92,L/XL,S/M
186,88,L/XL,S/M
166,79,L/XL,S/M
175,110,XL/XXL,M/L
176,82,L/XL,S/M
172,88,L/XL,S/M
162,82,L/XL,S/M
173,107,XL/XXL,M/L
186,75,L/XL,S/M
183,100,XL/XXL,M/L
188,126,XXL/XXXL,XL/XXL
177,95,L/XL,S/M
167,89,L/XL,S/M
172,84,L/XL,S/M
167,93,L/XL,S/M
190,119,XXL/XXXL,L/XL
175,104,XL/XXL,M/L
178,90,L/XL,S/M
184,68,L/XL,S/M
187,90,XL/XXL,M/L
178,118,XXL/XXXL,L/XL
176,92,L/XL,S/M
182,101,XL/XXL,M/L
169,79,L/XL,S/M
169,104,XL/XXL,M/L
177,99,XL/XXL,M/L
174,85,L/XL,S/M
173,72,M/L,XS/S
181,69,M/L,XS/S
183,103,XL/XXL,M/L
186,94,L/XL,S/M
188,137,XXL/XXXL,XL/XXL
180,85,L/XL,S/M
180,84,L/XL,S/M
172,66,M/L,XS/S
174,93,L/XL,S/M
176,94,L/XL,S/M
172,77,L/XL,S/M
170,93,L/XL,S/M
165,67,M/L,XS/S
174,83,L/XL,S/M
168,78,L/XL,S/M
162,90,L/XL,S/M
162,67,M/L,XS/S
162,79,L/XL,S/M
170,101,XL/XXL,M/L
171,57,S/M,XXS/XS
176,76,L/XL,S/M
184,91,L/XL,S/M
179,79,L/XL,S/M
169,73,M/L,XS/S
175,106,XL/XXL,M/L
164,67,M/L,XS/S
175,77,L/XL,S/M
175,73,M/L,XS/S
174,77,L/XL,S/M
183,120,XXL/XXXL,L/XL
171,71,M/L,XS/S
178,87,L/XL,S/M
164,103,XL/XXL,M/L
175,81,L/XL,S/M
176,80,L/XL,S/M
171,66,M/L,XS/S
174,100,XL/XXL,M/L
175,78,L/XL,S/M
160,83,L/XL,S/M
174,75,M/L,XS/S
170,88,L/XL,S/M
165,83,L/XL,S/M
168,101,XL/XXL,M/L
178,71,M/L,XS/S
175,77,L/XL,S/M
173,90,L/XL,S/M
189,79,XL/XXL,M/L
178,84,L/XL,S/M
171,93,L/XL,S/M
164,66,M/L,XS/S
183,104,XL/XXL,M/L
160,73,M/L,XS/S
170,80,L/XL,S/M
168,83,L/XL,S/M
184,80,L/XL,S/M
171,60,S/M,XXS/XS
180,80,L/XL,S/M
173,66,M/L,XS/S
170,81,L/XL,S/M
177,59,S/M,XXS/XS
174,92,L/XL,S/M
184,93,L/XL,S/M
178,73,M/L,XS/S
181,88,L/XL,S/M
175,85,L/XL,S/M
168,83,L/XL,S/M
176,67,M/L,XS/S
172,81,L/XL,S/M
174,93,L/XL,S/M
168,84,L/XL,S/M
172,72,M/L,XS/S
183,58,L/XL,S/M
173,94,L/XL,S/M
178,100,XL/XXL,M/L
174,81,L/XL,S/M
174,80,L/XL,S/M
172,73,M/L,XS/S
173,80,L/XL,S/M
175,84,L/XL,S/M
177,102,XL/XXL,M/L
183,86,L/XL,S/M
185,109,XL/XXL,M/L
166,88,L/XL,S/M
167,93,L/XL,S/M
180,92,L/XL,S/M
176,86,L/XL,S/M
179,86,L/XL,S/M
179,97,XL/XXL,M/L
175,70,M/L,XS/S
181,96,XL/XXL,M/L
160,71,M/L,XS/S
165,69,M/L,XS/S
160,71,M/L,XS/S
175,93,L/XL,S/M
170,85,L/XL,S/M
188,89,XL/XXL,M/L
178,74,M/L,XS/S
177,63,S/M,XXS/XS
187,91,XL/XXL,M/L
173,71,M/L,XS/S
180,89,L/XL,S/M
181,85,L/XL,S/M
179,82,L/XL,S/M
175,91,L/XL,S/M
177,96,XL/XXL,M/L
169,78,L/XL,S/M
166,73,M/L,XS/S
173,90,L/XL,S/M
165,69,M/L,XS/S
175,81,L/XL,S/M
174,84,L/XL,S/M
171,75,M/L,XS/S
175,94,L/XL,S/M
176,69,M/L,XS/S
172,87,L/XL,S/M
170,74,M/L,XS/S
177,89,L/XL,S/M
167,86,L/XL,S/M
176,82,L/XL,S/M
168,80,L/XL,S/M
170,74,M/L,XS/S
174,96,XL/XXL,M/L
171,87,L/XL,S/M
192,75,XXL/XXXL,L/XL
172,88,L/XL,S/M
171,73,M/L,XS/S
173,73,M/L,XS/S
174,114,XXL/XXXL,L/XL
163,78,L/XL,S/M
174,101,XL/XXL,M/L
174,109,XL/XXL,M/L
174,68,M/L,XS/S
173,99,XL/XXL,M/L
178,102,XL/XXL,M/L
179,95,L/XL,S/M
182,83,L/XL,S/M
164,97,XL/XXL,M/L
162,69,M/L,XS/S
179,101,XL/XXL,M/L
170,62,S/M,XXS/XS
181,105,XL/XXL,M/L
186,89,L/XL,S/M
169,91,L/XL,S/M
172,80,L/XL,S/M
175,77,L/XL,S/M
168,98,XL/XXL,M/L
185,102,XL/XXL,M/L
177,78,L/XL,S/M
172,80,L/XL,S/M
172,91,L/XL,S/M
165,78,L/XL,S/M
167,60,S/M,XXS/XS
175,79,L/XL,S/M
172,101,XL/XXL,M/L
178,89,L/XL,S/M
173,69,M/L,XS/S
178,68,M/L,XS/S
176,108,XL/XXL,M/L
172,65,S/M,XXS/XS
175,79,L/XL,S/M
170,84,L/XL,S/M
175,57,S/M,XXS/XS
163,96,XL/XXL,M/L
177,92,L/XL,S/M
170,109,XL/XXL,M/L
179,89,L/XL,S/M
179,87,L/XL,S/M
171,76,L/XL,S/M
171,81,L/XL,S/M
183,82,L/XL,S/M
161,69,M/L,XS/S
179,91,L/XL,S/M
189,88,XL/XXL,M/L
180,86,L/XL,S/M
174,108,XL/XXL,M/L
176,71,M/L,XS/S
182,106,XL/XXL,M/L
167,88,L/XL,S/M
172,86,L/XL,S/M
175,104,XL/XXL,M/L
164,68,M/L,XS/S
171,87,L/XL,S/M
178,77,L/XL,S/M
166,75,M/L,XS/S
173,92,L/XL,S/M
184,76,L/XL,S/M
173,83,L/XL,S/M
170,86,L/XL,S/M
186,110,XL/XXL,M/L
185,76,L/XL,S/M
180,96,XL/XXL,M/L
164,71,M/L,XS/S
176,101,XL/XXL,M/L
180,101,XL/XXL,M/L
167,87,L/XL,S/M
177,97,XL/XXL,M/L
181,103,XL/XXL,M/L
177,89,L/XL,S/M
166,74,M/L,XS/S
174,84,L/XL,S/M
179,75,M/L,XS/S
170,110,XL/XXL,M/L
168,72,M/L,XS/S
182,88,L/XL,S/M
168,66,M/L,XS/S
180,85,L/XL,S/M
166,73,M/L,XS/S
172,68,M/L,XS/S
182,92,L/XL,S/M
168,76,L/XL,S/M
170,80,L/XL,S/M
169,92,L/XL,S/M
179,91,L/XL,S/M
179,79,L/XL,S/M
173,74,M/L,XS/S
177,72,M/L,XS/S
177,68,M/L,XS/S
184,89,L/XL,S/M
173,69,M/L,XS/S
171,68,M/L,XS/S
164,75,M/L,XS/S
170,82,L/XL,S/M
168,80,L/XL,S/M
181,93,L/XL,S/M
172,76,L/XL,S/M
178,95,L/XL,S/M
178,69,M/L,XS/S
178,81,L/XL,S/M
177,84,L/XL,S/M
174,73,M/L,XS/S
177,79,L/XL,S/M
177,96,XL/XXL,M/L
173,104,XL/XXL,M/L
174,87,L/XL,S/M
170,70,M/L,XS/S
172,97,XL/XXL,M/L
176,103,XL/XXL,M/L
171,96,XL/XXL,M/L
187,78,XL/XXL,M/L
170,83,L/XL,S/M
172,69,M/L,XS/S
170,95,L/XL,S/M
170,94,L/XL,S/M
178,80,L/XL,S/M
179,91,L/XL,S/M
177,85,L/XL,S/M
165,74,M/L,XS/S
178,98,XL/XXL,M/L
174,92,L/XL,S/M
175,84,L/XL,S/M
169,78,L/XL,S/M
172,96,XL/XXL,M/L
166,86,L/XL,S/M
181,95,L/XL,S/M
178,87,L/XL,S/M
185,89,L/XL,S/M
165,60,S/M,XXS/XS
170,79,L/XL,S/M
196,98,XXL/XXXL,L/XL
173,74,M/L,XS/S
173,95,L/XL,S/M
183,95,L/XL,S/M
169,84,L/XL,S/M
180,87,L/XL,S/M
183,104,XL/XXL,M/L
176,66,M/L,XS/S
172,82,L/XL,S/M
175,84,L/XL,S/M
181,87,L/XL,S/M
180,80,L/XL,S/M
191,98,XXL/XXXL,L/XL
177,78,L/XL,S/M
180,95,L/XL,S/M
179,67,M/L,XS/S
175,68,M/L,XS/S
178,84,L/XL,S/M
179,82,L/XL,S/M
186,93,L/XL,S/M
182,106,XL/XXL,M/L
179,86,L/XL,S/M
191,85,XXL/XXXL,L/XL
169,75,M/L,XS/S
182,93,L/XL,S/M
171,84,L/XL,S/M
178,95,L/XL,S/M
167,75,M/L,XS/S
169,77,L/XL,S/M
180,73,M/L,XS/S
180,84,L/XL,S/M
186,101,XL/XXL,M/L
166,74,M/L,XS/S
163,77,L/XL,S/M
167,83,L/XL,S/M
189,94,XL/XXL,M/L
182,98,XL/XXL,M/L
168,74,M/L,XS/S
179,91,L/XL,S/M
179,88,L/XL,S/M
182,101,XL/XXL,M/L
178,67,M/L,XS/S
170,72,M/L,XS/S
187,118,XXL/XXXL,L/XL
189,82,XL/XXL,M/L
173,78,L/XL,S/M
170,78,L/XL,S/M
174,71,M/L,XS/S
172,83,L/XL,S/M
183,77,L/XL,S/M
171,73,M/L,XS/S
168,77,L/XL,S/M
168,72,M/L,XS/S
169,75,M/L,XS/S
178,89,L/XL,S/M
181,134,XXL/XXXL,XL/XXL
174,87,L/XL,S/M
167,67,M/L,XS/S
181,84,L/XL,S/M
178,101,XL/XXL,M/L
176,80,L/XL,S/M
166,69,M/L,XS/S
173,94,L/XL,S/M
170,79,L/XL,S/M
163,73,M/L,XS/S
170,85,L/XL,S/M
171,103,XL/XXL,M/L
166,75,M/L,XS/S
179,93,L/XL,S/M
179,95,L/XL,S/M
169,66,M/L,XS/S
178,93,L/XL,S/M
176,86,L/XL,S/M
166,78,L/XL,S/M
172,72,M/L,XS/S
164,73,M/L,XS/S
172,83,L/XL,S/M
164,79,L/XL,S/M
177,70,M/L,XS/S
178,88,L/XL,S/M
170,70,M/L,XS/S
178,75,M/L,XS/S
175,95,L/XL,S/M
181,78,L/XL,S/M
170,98,XL/XXL,M/L
170,71,M/L,XS/S
172,64,S/M,XXS/XS
176,78,L/XL,S/M
165,73,M/L,XS/S
180,100,XL/XXL,M/L
187,96,XL/XXL,M/L
181,80,L/XL,S/M
174,79,L/XL,S/M
168,68,M/L,XS/S
165,65,S/M,XXS/XS
176,84,L/XL,S/M
174,58,S/M,XXS/XS
173,73,M/L,XS/S
175,67,M/L,XS/S
156,62,S/M,XXS/XS
170,73,M/L,XS/S
171,84,L/XL,S/M
187,79,XL/XXL,M/L
172,85,L/XL,S/M
178,84,L/XL,S/M
168,67,M/L,XS/S
176,89,L/XL,S/M
169,83,L/XL,S/M
171,73,M/L,XS/S
182,98,XL/XXL,M/L
